driver_id,name,phone,city_id,join_date,license_number,vehicle_id,linked_user_id,rating,total_rides_completed,is_active,background_check_status,weekly_hours_online,acceptance_rate,cancellation_rate
DRV00001,Matthew Rana,5908301661,BLR,2024-11-04,KL3186091390,VEH00001,,4.08,493,1,Verified,45.0,77.8,7.5
DRV00002,Chandran Kant,6281948219,DEL,2026-02-08,FR9351819093,VEH00002,,4.64,1174,1,Verified,42.6,96.4,3.2
DRV00003,Dipta Shroff,2319487574,JAI,2025-03-05,CQ9118625276,VEH00003,,4.62,539,0,Pending,46.9,76.7,8.2
DRV00004,Dipta Oak,7114710497,LKO,2021-02-09,DN4650752917,VEH00004,,4.46,1593,1,Rejected,23.5,84.2,5.6
DRV00005,Varenya Dayal,7835674300,CHN,2025-02-11,JR4236671276,VEH00005,USR000546,4.82,604,0,Verified,38.8,92.3,4.7
DRV00006,Qushi Mallick,2122330792,BLR,2021-07-28,IS4402685995,VEH00006,,4.61,194,1,Verified,65.1,80.7,6.9
DRV00007,Tanmayi Ramanathan,7603137215,MUM,2021-01-31,BE9010928159,VEH00007,,4.74,274,1,Verified,42.3,75.2,11.1
DRV00008,Krisha Dixit,7117777412,AMD,2025-07-01,JS1547280385,VEH00008,,3.68,184,1,Verified,6.8,70.0,1.4
DRV00009,Chanchal Chand,5388853933,MUM,2023-10-13,QM6338750047,VEH00009,,5.0,987,1,Verified,48.6,97.7,10.2
DRV00010,Sanya Palla,3735379907,MUM,2021-09-27,ZU5116372651,VEH00010,,4.28,614,1,Verified,63.4,73.8,4.6
DRV00011,Ubika Ratti,0297299752,KOL,2020-11-08,NB8820018263,VEH00011,,4.36,626,1,Verified,70.5,74.0,5.2
DRV00012,Simon Master,8620579868,PUNE,2024-03-25,XZ2828807290,VEH00012,,3.98,288,1,Verified,25.2,92.5,11.9
DRV00013,Orinder Dhaliwal,0588871803,MUM,2023-06-11,UN3401878017,VEH00013,,5.0,115,1,Verified,41.8,95.7,10.1
DRV00014,Aradhana Sethi,4837261675,LKO,2025-05-31,QI1361341252,VEH00014,,3.69,590,1,Verified,33.9,89.1,1.0
DRV00015,Harshil Chandra,7903666636,PUNE,2022-04-20,ZV7316723268,VEH00015,USR001892,4.28,869,1,Verified,64.5,87.4,10.9
DRV00016,Rohan Parikh,5877065894,HYD,2024-11-16,RW8113114402,VEH00016,,4.67,916,1,Verified,28.4,71.6,8.1
DRV00017,Pahal Kuruvilla,9751402614,JAI,2023-07-14,AV0141931417,VEH00017,,4.26,89,1,Pending,37.9,89.1,2.0
DRV00018,Amrita Dayal,2402344834,KOL,2024-06-09,UG7824504000,VEH00018,,3.82,839,1,Verified,52.2,71.0,8.0
DRV00019,Yoshita Soman,7868433532,BLR,2023-01-07,FQ6502014620,VEH00019,,5.0,834,1,,38.1,94.5,2.5
DRV00020,Yashawini Manda,2247045585,BLR,2023-05-13,ER3043520561,VEH00020,,4.63,1197,1,Verified,58.0,71.3,0.1
DRV00021,Yuvraj Thaman,2690604431,PUNE,2021-10-28,PJ9829657249,VEH00021,,4.41,446,1,Verified,38.6,90.2,6.4
DRV00022,Yochana Sanghvi,0931002516,DEL,2025-07-15,ZE7800837407,VEH00022,,4.06,519,1,Pending,68.0,95.1,9.1
DRV00023,Dominic Som,3377617409,KOL,2024-11-17,AE3192544992,VEH00023,,4.15,575,1,Verified,39.6,96.4,0.5
DRV00024,Vedika Luthra,8477718341,MUM,2022-10-04,NE7047187463,VEH00024,,4.48,475,1,Verified,26.2,85.1,8.0
DRV00025,Lucky Viswanathan,8415377602,LKO,2022-02-10,HV0776426565,VEH00025,,4.12,543,1,Verified,52.4,75.6,5.3
DRV00026,Ekta Nigam,4451669156,HYD,2024-08-20,GU4041042346,VEH00026,,4.19,276,0,Verified,25.6,83.1,4.1
DRV00027,Kashvi Sangha,3106792470,MUM,2021-09-16,ZP8227654444,VEH00027,,4.32,440,1,Verified,55.5,88.9,8.9
DRV00028,Charvi Subramanian,1387837576,MUM,2022-01-12,PX2833125815,VEH00028,,4.7,211,0,Verified,59.3,74.3,14.6
DRV00029,Saksham Bahri,3645074952,BLR,2026-03-16,TB8831436676,VEH00029,,5.0,1342,0,Verified,22.5,71.1,14.8
DRV00030,Bachittar Sandal,1687731322,JAI,2020-09-19,CP8171800239,VEH00030,,4.84,880,1,Verified,36.2,77.1,8.9
DRV00031,Kabir Krishnamurthy,4893643900,CHN,2026-03-25,PB8474537838,VEH00031,,4.36,349,1,Verified,59.3,82.9,1.6
DRV00032,Damyanti Bhakta,1436537056,JAI,2024-02-11,TX5630481373,VEH00032,,4.62,1141,1,Verified,56.4,74.2,12.4
DRV00033,Vihaan Shroff,9792376092,HYD,2023-02-06,ZC6030926002,VEH00033,,4.45,423,1,Verified,17.2,88.2,3.9
DRV00034,Isaiah Buch,8704655721,PUNE,2020-09-27,WX0141561836,VEH00034,,4.86,566,1,Verified,24.6,91.9,8.1
DRV00035,Rachana Chahal,8735570636,LKO,2024-04-11,VX0607104319,VEH00035,,3.64,1192,1,Rejected,54.5,71.0,11.3
DRV00036,Gautami Bassi,0910317764,PUNE,2021-04-26,UU6727204293,VEH00036,,4.46,1128,1,Verified,33.4,80.5,13.1
DRV00037,Janaki Brar,6107885261,LKO,2020-06-08,OI1491316772,VEH00037,,4.52,1409,1,Verified,57.2,79.5,0.9
DRV00038,Triveni Keer,9454437323,MUM,2024-10-09,GH3249351643,VEH00038,,4.27,301,1,Verified,38.0,97.9,8.0
DRV00039,Harish Shetty,3750431039,PUNE,2021-05-22,GO9315827940,VEH00039,,4.32,822,1,Verified,53.9,91.2,7.9
DRV00040,Teerth Barad,3409305652,MUM,2022-03-13,GY9413078716,VEH00040,,4.31,581,1,Verified,45.3,73.4,3.2
DRV00041,Mohammed Walla,6446049566,BLR,2025-09-25,HF0536630626,VEH00041,,4.38,363,1,Verified,55.8,70.2,15.0
DRV00042,Janya Sharma,8261995822,DEL,2021-07-26,TI5428211673,VEH00042,,4.19,616,1,Verified,22.6,94.2,13.0
DRV00043,Vasudha Murty,9239693729,HYD,2020-09-23,UM3068265123,VEH00043,,4.19,1565,1,Verified,49.3,78.7,7.3
DRV00044,Balvan Naik,8464936657,CHN,2026-07-09,WN8720097737,VEH00044,,4.41,1334,1,Pending,27.9,92.5,2.9
DRV00045,Praneel Solanki,5651788002,AMD,2026-03-18,NU1581086201,VEH00045,,4.33,1479,1,Verified,41.6,97.1,4.7
DRV00046,Rishi Deep,1594259472,JAI,2026-02-21,XC4873949835,VEH00046,,4.79,691,0,Verified,30.9,79.9,14.3
DRV00047,Sachi Khurana,9523710068,BLR,2022-01-01,XH3262456241,VEH00047,USR000614,4.9,887,1,Verified,57.2,73.2,12.6
DRV00048,Jagvi Sethi,5465925517,JAI,2026-05-14,UA3290484495,VEH00048,,4.55,174,1,Verified,45.2,93.0,11.0
DRV00049,Timothy Dixit,8502739000,HYD,2022-07-24,LT0954185836,VEH00049,,4.2,488,1,Verified,54.6,93.4,7.5
DRV00050,Samarth Peri,3271124640,MUM,2025-05-21,KA0859979873,VEH00050,,4.11,892,1,Verified,32.3,74.3,8.1
DRV00051,David Wali,2010983263,CHN,2025-06-27,OD8986928414,VEH00051,,4.16,396,1,Verified,13.2,78.0,0.1
DRV00052,Abeer Prashad,2314301540,JAI,2023-04-30,KQ4868443180,VEH00052,,4.31,173,1,Verified,65.8,78.2,7.1
DRV00053,Samaksh Dutta,9368778006,KOL,2021-10-12,JC3943699192,VEH00053,,4.91,1365,1,Verified,30.7,94.4,5.4
DRV00054,Isaac Chhabra,0020101953,HYD,2023-10-24,ZW8161333100,VEH00054,,4.4,1733,1,Verified,29.9,96.9,8.1
DRV00055,Bhavna Sood,4556405440,PUNE,2022-01-07,BH5598749060,VEH00055,,4.77,1134,1,Verified,42.8,93.4,7.3
DRV00056,Idika Singh,1942608340,MUM,2024-11-18,QK0571727958,VEH00056,,3.8,275,1,Verified,39.1,80.1,8.5
DRV00057,Bhanumati Kala,1781551661,KOL,2026-03-13,YO6053446882,VEH00057,,4.05,895,1,Verified,35.8,84.1,8.4
DRV00058,Triveni Date,8278527749,PUNE,2020-08-19,JU3257383449,VEH00058,,4.52,401,1,Verified,41.7,79.3,6.9
DRV00059,Yug Narain,3412136224,JAI,2023-09-24,CA4643114367,VEH00059,,3.74,843,1,Rejected,62.6,80.9,13.6
DRV00060,Rajeshri Kapadia,4960369963,MUM,2021-05-11,PY9321765416,VEH00060,,4.49,565,1,,26.2,86.3,3.4
DRV00061,Naksh Krishna,9682506710,CHN,2021-11-13,IN4832385197,VEH00061,,4.36,460,1,Verified,43.0,82.0,9.7
DRV00062,Yauvani Babu,7326819504,KOL,2022-02-02,QG4660016659,VEH00062,,4.14,239,1,Verified,51.0,90.2,6.2
DRV00063,Chavvi Rattan,2213783256,CHN,2021-01-22,BR7482753464,VEH00063,,5.0,541,1,Pending,74.7,80.7,7.3
DRV00064,Vasatika Agate,5776915246,DEL,2021-05-29,NE0195285900,VEH00064,,4.43,633,1,Pending,34.1,81.5,1.1
DRV00065,Zashil Chaudhuri,5236829918,MUM,2025-07-03,QA4373817181,VEH00065,,4.65,575,0,Verified,60.1,90.3,1.2
DRV00066,Liam Solanki,7273728902,LKO,2021-11-12,LO5797475661,VEH00066,,4.09,433,0,Pending,15.9,83.5,4.1
DRV00067,Ayush Bail,7720362515,CHN,2020-12-24,JD5788346564,VEH00067,,4.45,1184,1,Verified,71.7,93.8,1.7
DRV00068,Brinda Pant,4853715354,HYD,2023-09-01,ZT2910686890,VEH00068,,3.92,659,1,Verified,48.5,84.1,7.2
DRV00069,Abeer Batra,8896929130,CHN,2020-10-30,YT7212061052,VEH00069,,4.28,633,0,Verified,30.8,84.2,7.1
DRV00070,Chasmum Goyal,6990798016,AMD,2023-03-04,XA9671069927,VEH00070,,4.33,638,1,Verified,55.4,95.0,5.6
DRV00071,Fitan Sodhi,0011312704,AMD,2026-07-16,TF9372052148,VEH00071,,3.76,723,1,Verified,59.6,70.3,14.7
DRV00072,Aachal Ben,9164492790,HYD,2024-04-04,OZ5597722152,VEH00072,,4.6,682,1,Verified,53.2,83.6,8.7
DRV00073,Vansha Rajan,4409959029,PUNE,2021-01-09,SS4963666937,VEH00073,,4.46,758,1,,20.7,76.6,0.5
DRV00074,Ekanta Lall,0429248758,CHN,2025-03-31,RZ1887633490,VEH00074,,4.12,1375,1,Verified,51.3,88.9,13.4
DRV00075,Samuel Kumar,1851369848,CHN,2023-02-18,ZS5789333312,VEH00075,,4.07,1023,1,Verified,22.0,96.4,6.5
DRV00076,Janani Parmer,0751571259,DEL,2023-05-15,FL0548901039,VEH00076,,4.15,526,1,Rejected,44.1,84.9,3.7
DRV00077,Advika Mammen,9240532610,DEL,2023-11-20,TF0085771961,VEH00077,,4.52,506,1,Verified,34.0,81.4,2.4
DRV00078,Eiravati Kaul,7253320450,CHN,2026-01-20,WA8004870125,VEH00078,,4.39,228,1,Verified,49.5,78.1,14.3
DRV00079,Chanchal Sastry,4615762732,MUM,2022-01-11,XC0730231952,VEH00079,,4.59,514,1,Verified,32.9,91.3,13.2
DRV00080,Lekha Bains,3715253027,HYD,2021-05-13,RK8272466320,VEH00080,,4.24,803,1,Verified,38.5,88.0,3.7
DRV00081,Gaurika Ganesh,7712803874,LKO,2024-10-13,SA1435643316,VEH00081,,4.71,158,1,Verified,51.6,83.0,7.8
DRV00082,Dakshesh Memon,5827084256,LKO,2022-01-14,TL0634922283,VEH00082,,4.0,450,0,Pending,66.0,76.5,7.2
DRV00083,Fariq Chahal,2939430186,JAI,2021-12-23,IQ0855471067,VEH00083,,4.28,548,1,Verified,49.7,70.4,7.6
DRV00084,Yuvraj Grewal,9905878115,DEL,2022-12-29,BH3569041778,VEH00084,,4.02,252,0,Verified,36.5,85.9,12.0
DRV00085,Ansh Kohli,2144800134,KOL,2025-06-23,TL0997837151,VEH00085,,4.44,773,1,Verified,41.4,87.3,14.3
DRV00086,Anjali Dasgupta,4111628933,AMD,2023-05-17,HC2976206699,VEH00086,,4.48,443,0,Verified,55.6,70.9,4.9
DRV00087,Charles Patil,6956805825,JAI,2021-06-12,MG3605182156,VEH00087,,4.57,475,1,Verified,30.1,90.2,11.0
DRV00088,Umang Dewan,0094948091,MUM,2023-05-24,WP4180630414,VEH00088,,4.8,577,1,Verified,35.0,71.6,10.6
DRV00089,Jai Bhasin,8271824694,AMD,2025-12-15,MJ4318479936,VEH00089,,4.15,232,1,Pending,56.5,79.9,12.4
DRV00090,Triveni Mitter,3533886960,DEL,2022-08-22,SD5235857443,VEH00090,,4.69,237,0,Verified,45.3,75.3,12.0
DRV00091,Nathan Bhavsar,6751832655,CHN,2021-11-29,AG2399481742,VEH00091,,5.0,733,0,Verified,16.9,77.2,13.3
DRV00092,Nirja Dalal,6499167745,HYD,2025-11-27,YC4568896507,VEH00092,,4.6,374,1,Verified,46.7,75.4,8.1
DRV00093,Qarin Yadav,6931559353,MUM,2022-08-26,IN6000497484,VEH00093,,4.05,425,1,Verified,18.3,81.1,6.3
DRV00094,Zansi Varughese,0957018316,MUM,2026-02-05,CX5868923676,VEH00094,,4.3,1556,1,Verified,28.1,74.4,9.5
DRV00095,George Garde,4821458628,HYD,2021-04-02,GW4838362099,VEH00095,,4.1,202,1,Verified,33.3,92.7,8.4
DRV00096,Nisha Anne,4619003278,BLR,2026-02-13,JK9488293691,VEH00096,,4.2,1366,1,Verified,48.3,96.5,4.3
DRV00097,Ayush Chaudhry,7960095235,AMD,2024-11-01,NY4204191537,VEH00097,,4.47,878,0,,27.2,84.8,12.2
DRV00098,Chatura Kannan,0933302925,AMD,2024-12-17,RT0746947136,VEH00098,,4.27,329,1,Verified,43.6,88.3,0.9
DRV00099,Odika More,1225620468,PUNE,2020-06-08,WJ5158656116,VEH00099,,3.65,585,1,Verified,50.1,94.2,2.1
DRV00100,Lila Halder,6040523213,HYD,2020-07-19,NU4828773255,VEH00100,,4.33,865,1,Verified,39.6,85.4,9.9
DRV00101,Krisha Joshi,3724979583,LKO,2021-04-09,VX6983218184,VEH00101,,4.63,751,1,Verified,15.9,87.1,2.3
DRV00102,Onveer Narain,2867163234,DEL,2023-08-14,UM6092406123,VEH00102,USR000417,4.13,1205,1,Rejected,64.9,87.3,10.8
DRV00103,Ekansh Pathak,1342645672,PUNE,2022-07-18,WO4205560736,VEH00103,,4.64,1124,1,Verified,59.5,85.1,3.9
DRV00104,Fiyaz Sharma,3527625593,KOL,2022-09-12,MK1241493060,VEH00104,USR002585,4.66,478,1,Verified,64.2,72.1,8.8
DRV00105,Rudra Mitter,4293978469,BLR,2023-08-17,CY5014099031,VEH00105,,4.2,619,1,Verified,30.2,71.3,8.6
DRV00106,Shivansh Pai,3481567587,KOL,2024-04-08,QL8036827308,VEH00106,,4.18,859,1,Verified,62.6,86.7,10.8
DRV00107,Warinder Lad,5613422773,KOL,2023-02-03,KP3087254229,VEH00107,,4.83,656,1,Verified,29.1,78.5,10.9
DRV00108,Jacob Samra,6314057300,BLR,2021-04-04,DK4431471257,VEH00108,,5.0,422,1,Verified,40.8,74.0,7.6
DRV00109,Bimala Ganguly,7159417673,PUNE,2025-06-18,IV8505149431,VEH00109,,3.69,157,1,Verified,67.7,88.5,11.1
DRV00110,Aryan Rana,8214956255,JAI,2021-06-09,KZ3528543001,VEH00110,,4.49,1210,1,Verified,61.9,95.6,6.2
DRV00111,Chandresh Kalita,4991232276,DEL,2025-01-16,YG1077335009,VEH00111,,4.65,350,1,Verified,42.2,71.3,9.3
DRV00112,Luke Mander,5170226407,DEL,2026-01-01,BI9593718587,VEH00112,,4.37,952,1,Verified,55.9,76.8,1.0
DRV00113,Nandini Bumb,9965724580,HYD,2021-06-15,XH3371295896,VEH00113,,3.85,1051,1,Verified,56.5,73.7,0.8
DRV00114,Ridhi Randhawa,3813413847,CHN,2020-08-29,FA3873891899,VEH00114,,3.87,1199,0,Verified,66.6,80.0,0.5
DRV00115,Ria Desai,6823971259,LKO,2025-11-28,TH0630500937,VEH00115,,4.34,1284,0,Pending,27.9,81.4,13.1
DRV00116,Pooja Chahal,2550413588,AMD,2025-06-13,HC5709515859,VEH00116,,4.49,1020,1,Verified,58.3,78.5,3.9
DRV00117,Aachal Pandya,7107114228,MUM,2025-07-18,VJ4629484700,VEH00117,,4.63,494,0,Verified,44.4,97.2,12.4
DRV00118,Yachana Sule,9967276398,LKO,2020-11-01,NK1558342990,VEH00118,,4.17,745,1,Verified,47.7,85.0,11.4
DRV00119,Unni Narula,0597530379,KOL,2021-09-03,KK0224641845,VEH00119,,4.16,998,0,Pending,16.0,78.7,8.3
DRV00120,Bahadurjit Chandran,5432145583,CHN,2022-12-03,PZ5865055785,VEH00120,,4.3,828,1,,25.8,88.7,14.4
DRV00121,Ikshita Dora,6769429124,AMD,2023-07-17,LT4498513919,VEH00121,,3.8,421,1,Pending,49.8,98.3,4.1
DRV00122,Upadhriti Parikh,2448024303,HYD,2026-07-20,UD0673948133,VEH00122,,4.42,329,1,Verified,29.5,98.2,8.1
DRV00123,Chanakya Buch,0348050355,DEL,2022-08-05,ON0769520601,VEH00123,,3.99,427,1,Verified,42.8,84.2,12.1
DRV00124,Warda Ratta,5950695210,KOL,2024-07-26,RL2328155658,VEH00124,,4.38,1246,1,,54.4,79.6,11.7
DRV00125,Ganga Karpe,8784588424,KOL,2024-06-24,NI0871523610,VEH00125,,4.22,437,1,Verified,34.7,83.1,3.5
DRV00126,Darpan Thaker,9522280537,JAI,2021-03-04,EZ7356735010,VEH00126,,4.55,794,1,Verified,37.6,96.8,4.8
DRV00127,Indali Bhasin,6304046335,HYD,2025-08-19,XR3564473927,VEH00127,,3.72,1251,1,Verified,47.5,93.6,11.9
DRV00128,Charita Mandal,3259973903,AMD,2022-07-08,AI5072624012,VEH00128,,4.48,509,1,Pending,64.4,75.4,4.3
DRV00129,Tripti Bhatti,4400274894,BLR,2024-10-29,VP4285127616,VEH00129,USR002437,5.0,1302,0,,31.1,81.5,11.7
DRV00130,Gautami Bali,2893961005,KOL,2020-12-30,RI1117286023,VEH00130,,3.66,990,1,Verified,37.6,84.8,4.5
DRV00131,Xiti Chowdhury,3314204410,PUNE,2021-09-07,PD3806854050,VEH00131,,3.9,1091,1,Verified,27.8,83.8,6.0
DRV00132,Ganga Roy,8662666203,JAI,2025-08-29,YC9849633119,VEH00132,,4.71,548,0,Verified,33.8,75.9,0.6
DRV00133,Nidra Nair,9077859863,PUNE,2025-05-18,QO6516849518,VEH00133,,4.75,1194,1,,49.5,96.7,3.8
DRV00134,Adweta Solanki,9321858382,PUNE,2025-02-16,BH5322720565,VEH00134,,4.76,281,1,Rejected,31.9,83.5,5.7
DRV00135,Mitesh Krishnamurthy,8847146471,PUNE,2023-11-17,QP7728202578,VEH00135,,5.0,854,1,Verified,53.1,93.2,7.7
DRV00136,Harini Raj,0940924845,PUNE,2026-06-28,BY4347187132,VEH00136,,4.3,627,1,Verified,28.9,95.9,2.8
DRV00137,Kamya Bassi,4669453692,DEL,2025-01-08,YZ9395135117,VEH00137,,4.99,335,1,Verified,60.4,82.2,12.0
DRV00138,Watika Bal,7667217672,AMD,2021-02-12,XY8033680485,VEH00138,,4.51,368,1,Verified,48.6,90.9,3.1
DRV00139,Jacob Chana,1713970357,LKO,2024-03-20,MH0869260255,VEH00139,,4.38,1562,1,Rejected,56.3,98.9,1.5
DRV00140,Rachita Chacko,3344146796,PUNE,2023-07-04,QT0284841564,VEH00140,USR002936,4.36,552,1,Verified,45.2,87.9,4.2
DRV00141,Yasti Salvi,6684432038,MUM,2020-09-08,QD5779255378,VEH00141,,4.37,766,1,Verified,47.2,70.4,13.3
DRV00142,Abhiram Walia,0437433997,KOL,2023-03-26,EM6733026102,VEH00142,,4.42,528,1,Verified,32.2,81.1,12.3
DRV00143,Pranit Atwal,3822381713,DEL,2023-10-26,CK1063476202,VEH00143,,3.78,412,1,Verified,54.2,77.7,11.9
DRV00144,Chaaya Kaul,4583236056,PUNE,2025-08-01,VR2438137226,VEH00144,,4.41,668,1,Verified,60.2,73.6,11.7
DRV00145,Ishwar Barad,8147507137,BLR,2023-03-10,XW4499813274,VEH00145,,4.2,540,1,Verified,42.1,87.3,8.6
DRV00146,Charita Bali,2402557735,BLR,2025-03-14,YK5214187181,VEH00146,,4.5,637,1,Verified,45.8,74.2,4.7
DRV00147,Triya Banik,1626951525,MUM,2025-02-19,PH2150742411,VEH00147,,4.49,578,1,Verified,52.7,73.7,1.4
DRV00148,Watika Madan,2980845346,KOL,2025-08-01,DF8323883101,VEH00148,,4.7,442,1,Verified,56.9,82.6,13.7
DRV00149,Veer Chahal,6698149119,MUM,2023-09-17,GC3339803195,VEH00149,,3.94,590,1,Verified,24.5,74.3,14.8
DRV00150,Owen Mitter,2056601328,HYD,2025-05-05,YE2252333510,VEH00150,,4.74,754,1,Verified,45.0,78.8,5.5
DRV00151,Widisha Vora,3056159277,LKO,2022-07-12,TV2440792668,VEH00151,,4.44,411,1,Rejected,24.2,72.3,4.3
DRV00152,Ekansh Krishnan,7837906656,HYD,2021-07-17,MB6135964047,VEH00152,,4.41,1436,1,Verified,69.3,76.4,12.6
DRV00153,Vaishnavi Sahota,2583156790,HYD,2025-06-11,NR4514276831,VEH00153,,4.1,974,1,Verified,2.3,86.6,9.9
DRV00154,Keya Gour,5235964758,HYD,2022-08-05,DK9326800213,VEH00154,,4.18,688,1,Pending,48.9,82.1,11.3
DRV00155,Indira Chaudhuri,1895744546,CHN,2020-06-26,CT8077500186,VEH00155,,4.38,868,0,Verified,55.1,82.2,8.2
DRV00156,Tara Banerjee,4239980629,PUNE,2024-03-24,FT4348068616,VEH00156,,4.25,543,0,Verified,51.8,95.3,8.6
DRV00157,Arunima Naik,8523802482,HYD,2020-07-17,MN4094652447,VEH00157,,3.58,294,1,Verified,54.1,98.2,0.2
DRV00158,Raksha Rau,5674139786,MUM,2022-09-12,RZ2502487861,VEH00158,,4.14,658,0,Verified,42.2,75.3,1.9
DRV00159,Meghana Wagle,0089459543,KOL,2022-02-24,XZ1819614221,VEH00159,,4.03,546,1,Verified,40.2,92.4,6.0
DRV00160,Harita Ratta,2288642351,KOL,2023-08-05,KU6180939663,VEH00160,,4.07,807,1,Verified,63.8,95.8,10.7
DRV00161,Kevin Dora,4064269419,PUNE,2025-01-22,ZF9849334159,VEH00161,,3.91,1016,1,Rejected,33.8,71.9,12.3
DRV00162,Arin Varughese,0727480798,HYD,2024-10-18,VH9008717345,VEH00162,,4.6,178,1,Verified,59.8,76.3,0.8
DRV00163,Tejas Joshi,3208465141,KOL,2021-09-09,IV9166896305,VEH00163,,4.9,388,1,Pending,29.3,86.1,7.1
DRV00164,Ekbal Sridhar,7359316243,BLR,2021-11-15,VY1807334384,VEH00164,,4.18,527,0,Verified,33.6,96.3,8.3
DRV00165,Amol Bhatnagar,8485295541,MUM,2024-07-28,XX0256071512,VEH00165,,5.0,1155,1,Verified,61.0,90.8,14.6
DRV00166,Vedika Butala,1894863540,BLR,2021-03-02,HN3486626220,VEH00166,,4.72,600,0,Verified,44.1,75.1,1.8
DRV00167,Ayaan Andra,9815598773,HYD,2023-10-19,CD0335611923,VEH00167,,4.71,530,0,Rejected,73.3,82.4,12.1
DRV00168,Ekansh Bhagat,7792179613,DEL,2024-10-06,CD3069303130,VEH00168,,4.14,410,0,Verified,49.8,97.1,12.2
DRV00169,Neelima Khosla,6402707112,HYD,2024-12-13,EB2829851860,VEH00169,,4.35,430,1,Verified,33.9,96.2,12.6
DRV00170,Yadavi Yogi,4760830287,DEL,2024-11-24,RG3136191885,VEH00170,,4.82,1647,1,Verified,41.8,96.2,4.3
DRV00171,William Chaudhuri,4427995301,HYD,2020-11-16,KP1019386769,VEH00171,,4.17,620,1,Verified,45.5,89.2,10.5
DRV00172,Fariq Bains,0294742445,PUNE,2021-09-26,RZ0561272795,VEH00172,,4.84,1204,1,Verified,36.0,97.8,7.2
DRV00173,Agastya Sachar,5503518210,KOL,2023-11-15,HD5655181723,VEH00173,,5.0,1372,1,Verified,36.9,93.1,4.7
DRV00174,Nikita Venkataraman,0461297924,AMD,2022-06-03,JP6354013499,VEH00174,,4.21,700,0,Verified,31.1,93.8,11.6
DRV00175,Ekansh Raman,8015128178,LKO,2025-07-22,UG4721446627,VEH00175,,4.71,1099,1,Verified,62.2,86.1,12.9
DRV00176,Hema Naidu,1355490311,PUNE,2025-03-30,YQ2944202710,VEH00176,,3.94,989,1,Verified,38.1,79.1,14.0
DRV00177,Udant Bhatia,2558225455,DEL,2021-11-16,OW2813246033,VEH00177,,4.38,814,0,Verified,26.8,93.5,12.9
DRV00178,Jasmit Khosla,1653407771,DEL,2026-01-25,OB1787161772,VEH00178,,4.42,349,1,Verified,47.4,90.3,6.6
DRV00179,Shaurya Bhardwaj,7946954899,LKO,2021-08-23,VJ7013145773,VEH00179,USR000272,4.26,535,1,Verified,39.1,87.7,7.9
DRV00180,Ekbal Upadhyay,9610680382,BLR,2022-11-23,EZ8531174772,VEH00180,,5.0,1420,0,Verified,34.7,78.7,9.5
DRV00181,Eesha Chaudhari,1774280807,LKO,2023-07-02,VC0837925265,VEH00181,,4.13,738,1,Verified,45.6,79.3,14.8
DRV00182,Qabil Karan,7304723459,AMD,2022-10-02,EX3160205731,VEH00182,,4.2,920,1,Verified,33.9,91.3,7.9
DRV00183,Simon Kalita,7435062560,HYD,2022-06-16,EJ9523029497,VEH00183,,4.7,377,1,Verified,68.2,76.0,3.9
DRV00184,Laksh Lal,6228295023,KOL,2022-04-23,VR6219764932,VEH00184,,3.99,856,1,Verified,61.2,77.5,6.0
DRV00185,Dayita Muni,6094067148,AMD,2026-04-06,IA6106104142,VEH00185,USR001474,4.92,718,1,Verified,58.2,79.4,5.6
DRV00186,Krisha Mital,8958836194,KOL,2024-07-31,SV9624365841,VEH00186,,4.23,851,1,Verified,72.0,71.7,12.6
DRV00187,Urmi Kala,5275361386,MUM,2025-05-17,ON6235567523,VEH00187,,5.0,946,1,Rejected,70.4,74.6,12.7
DRV00188,Isaiah Banik,1797598556,JAI,2023-04-05,PN5270265148,VEH00188,,4.66,2171,1,Pending,25.2,92.1,0.4
DRV00189,Ronith Pingle,9790309868,PUNE,2020-06-08,LQ4010213023,VEH00189,,4.22,966,1,Verified,25.1,95.2,0.1
DRV00190,Anirudh Bajwa,2751855467,KOL,2026-03-01,DS4501424119,VEH00190,,4.42,477,1,Verified,32.3,83.9,5.1
DRV00191,Karan Narasimhan,3980266403,DEL,2020-08-31,YO4171192377,VEH00191,,3.84,479,0,Verified,54.2,98.2,3.7
DRV00192,Urmi Saran,3173486885,JAI,2022-12-06,ML0030384379,VEH00192,,4.71,339,1,Verified,10.5,74.7,13.7
DRV00193,Deepa Lal,7546584095,AMD,2022-03-12,BM1405832237,VEH00193,,4.81,1122,0,Verified,28.6,94.8,3.4
DRV00194,Jagdish Toor,1119667148,MUM,2021-02-16,DG3757658759,VEH00194,,3.43,1269,1,Verified,41.0,92.0,7.8
DRV00195,Gagan Mallick,1790415681,CHN,2020-07-18,UK2610042811,VEH00195,,4.87,1308,0,Pending,45.5,85.4,5.9
DRV00196,Omkaar Khatri,5137811467,LKO,2025-05-23,GG3294763237,VEH00196,,4.01,202,1,Verified,18.2,78.5,6.9
DRV00197,Yug Bala,9552536003,DEL,2020-11-28,RX9504900535,VEH00197,,4.27,363,0,,22.8,95.7,6.4
DRV00198,Kavya Pandit,3069302244,BLR,2021-01-26,WL8566423850,VEH00198,,4.45,1133,1,Verified,57.5,87.3,2.9
DRV00199,Liam Bava,3553111500,HYD,2022-01-04,TZ3519170376,VEH00199,,4.99,1470,1,Verified,68.4,71.1,12.6
DRV00200,Kritika Mukherjee,5919981776,KOL,2022-05-17,DL0333585190,VEH00200,,3.46,1514,1,Verified,42.4,84.4,8.0
DRV00201,Arjun Deep,4851390356,AMD,2026-06-15,FI2616354582,VEH00201,,4.42,230,0,Verified,42.9,82.5,12.2
DRV00202,Luke Radhakrishnan,1950038083,AMD,2022-05-20,IM8728322706,VEH00202,,4.62,1183,1,Verified,38.3,85.6,11.6
DRV00203,Niharika Loke,4191061669,CHN,2021-01-02,XA4943638701,VEH00203,USR001375,4.34,814,1,Verified,56.0,70.3,10.9
DRV00204,Noah Khalsa,3923917934,JAI,2023-05-23,JU6807071186,VEH00204,,3.89,1105,1,Pending,64.6,73.7,4.8
DRV00205,Onveer Kalita,3265964423,JAI,2020-08-02,AE7123951842,VEH00205,,4.5,238,1,Verified,50.2,88.5,7.8
DRV00206,Vedika Solanki,7982823156,BLR,2024-01-30,KJ1615655627,VEH00206,,4.5,481,1,Verified,41.2,98.7,10.2
DRV00207,Benjamin Sood,9428025659,JAI,2025-09-06,IZ9352886241,VEH00207,,4.15,879,1,Verified,40.8,96.7,1.5
DRV00208,Qarin Mammen,3591461201,HYD,2023-11-13,WJ0957774580,VEH00208,USR002969,4.36,1326,1,Verified,58.1,90.0,2.3
DRV00209,Vansha Dada,9940561580,BLR,2022-01-14,DV4547260133,VEH00209,,4.34,1384,0,Verified,47.3,97.9,14.3
DRV00210,Manan Mukhopadhyay,4112881263,BLR,2020-09-26,FD0766129240,VEH00210,,4.36,780,0,Verified,50.0,97.9,12.4
DRV00211,Samesh Bansal,0409157018,DEL,2021-02-25,LM2100521721,VEH00211,USR000278,4.96,475,1,Verified,14.9,80.8,5.8
DRV00212,Rudra Patel,6473702222,JAI,2021-02-26,CC5078907890,VEH00212,,3.7,423,1,Verified,58.1,93.9,1.7
DRV00213,Geetika Randhawa,2726208805,HYD,2022-09-21,UY6396657992,VEH00213,,4.66,530,1,,23.0,83.6,7.7
DRV00214,Amruta Kakar,8495298741,MUM,2023-08-22,BT7026196498,VEH00214,,3.92,452,1,Verified,26.1,87.2,8.0
DRV00215,Gagan Deol,9674175107,CHN,2023-12-30,BX4314453888,VEH00215,,4.41,1763,1,Verified,51.5,85.8,9.2
DRV00216,Tanmayi Nadkarni,2409825634,DEL,2024-07-17,ME8077011037,VEH00216,,4.88,107,1,Verified,20.7,89.1,13.3
DRV00217,Bina Oza,8452237344,CHN,2020-10-05,NG0329416897,VEH00217,,4.14,765,1,,54.7,71.0,3.1
DRV00218,Upasna Munshi,7834281856,MUM,2024-04-21,FW2277749518,VEH00218,,4.48,330,1,Verified,45.3,90.2,6.9
DRV00219,Nicholas Oza,2794569825,MUM,2023-08-21,EO0537147595,VEH00219,,4.09,408,1,,45.4,91.2,14.1
DRV00220,Parth Parsa,4391603813,DEL,2020-06-18,RD8813141390,VEH00220,,4.18,701,1,Verified,30.3,72.0,6.9
DRV00221,Gagan Mand,6598209323,AMD,2024-04-23,EM1314985660,VEH00221,,4.42,840,1,Verified,63.8,79.2,11.6
DRV00222,Indrajit Madan,0069862558,HYD,2023-01-05,HL2554822222,VEH00222,,3.8,696,1,Verified,46.3,90.3,3.0
DRV00223,Nathaniel More,7800362303,JAI,2021-08-03,OQ5317966570,VEH00223,,4.56,620,1,Verified,42.4,89.4,14.2
DRV00224,Sneha Thakur,3141515164,MUM,2025-02-24,TG1873224651,VEH00224,,4.66,1003,1,,38.5,94.0,10.6
DRV00225,Noah Bath,4805018386,CHN,2025-03-20,SO2336471370,VEH00225,,4.54,1117,1,Verified,27.5,88.1,10.3
DRV00226,Harrison Issac,5534530666,HYD,2025-08-01,GR1211083416,VEH00226,,4.48,1249,0,Verified,48.7,81.5,2.1
DRV00227,Zehaan Hari,4197221762,DEL,2024-04-28,LU0290115303,VEH00227,,4.22,499,1,Pending,72.9,80.0,13.0
DRV00228,Ijaya Garde,7720218632,JAI,2024-01-16,FT4116130205,VEH00228,,4.6,648,1,Verified,22.1,95.9,4.3
DRV00229,Riya Walia,7525588939,BLR,2024-02-29,IS4828066920,VEH00229,,4.72,1603,1,Verified,71.4,97.4,9.3
DRV00230,Jagat Sehgal,8868446047,CHN,2022-02-24,OY5375475153,VEH00230,,4.6,386,1,Verified,61.5,78.2,6.8
DRV00231,Aadhya Peri,5560698435,PUNE,2022-03-22,CT5712715347,VEH00231,,4.64,836,1,Verified,19.6,96.7,14.6
DRV00232,Harinakshi Salvi,5222540350,MUM,2022-04-06,RC2066325811,VEH00232,,4.42,517,1,Verified,53.9,74.2,12.4
DRV00233,Aadhya Bahri,0515520933,CHN,2023-10-02,EL0999341333,VEH00233,,4.84,759,1,Verified,49.6,89.5,10.2
DRV00234,Jairaj Bansal,8713374650,HYD,2024-10-08,YO3156363593,VEH00234,,4.59,815,1,,50.4,77.7,5.7
DRV00235,Zinal Modi,0067399297,KOL,2022-11-29,SA8621471473,VEH00235,,4.77,630,1,Verified,18.2,75.6,6.4
DRV00236,Girik Chand,6874585218,LKO,2024-12-14,VM8715483365,VEH00236,,4.99,211,0,Pending,14.4,91.0,8.3
DRV00237,Bhanumati Chad,5251526053,LKO,2025-02-20,LY6023875643,VEH00237,,4.24,742,1,Verified,27.8,87.0,14.0
DRV00238,Nitesh Prasad,5607873821,LKO,2022-12-24,JI2248292854,VEH00238,,4.26,428,1,Verified,44.0,98.9,4.8
DRV00239,Vasudha Choudhry,3899375925,MUM,2025-02-13,LS7782011990,VEH00239,,4.26,953,1,Verified,54.0,94.6,9.0
DRV00240,Amara Boase,9371783235,KOL,2025-10-30,UH5902551109,VEH00240,,4.36,569,1,Verified,56.5,75.8,0.3
DRV00241,Nathaniel Master,7948004341,BLR,2024-02-04,MO8799268767,VEH00241,,4.04,114,1,Verified,50.1,78.6,8.9
DRV00242,Anika Uppal,0313757858,DEL,2023-03-27,KH7095632576,VEH00242,,3.7,584,1,Verified,37.8,78.2,14.8
DRV00243,Pavani Gour,3591445174,JAI,2024-04-27,JJ6993560442,VEH00243,,4.92,1402,0,Verified,67.3,80.1,11.2
DRV00244,Onkar Master,6312628253,JAI,2020-08-05,LI6642129327,VEH00244,,5.0,606,1,Verified,61.6,92.6,12.7
DRV00245,Ria Thakur,7091863493,AMD,2022-10-09,QJ9255171242,VEH00245,,4.81,250,1,Verified,67.7,70.4,7.3
DRV00246,Darpan Bedi,4414724047,LKO,2024-05-27,CS3536130151,VEH00246,,4.83,329,1,Verified,62.4,70.3,11.3
DRV00247,Arin Kar,6686346198,MUM,2025-02-09,QD7698742663,VEH00247,,4.11,102,1,Verified,33.0,75.1,6.2
DRV00248,Triya Konda,0047237246,MUM,2022-12-07,MO3260406758,VEH00248,,4.58,622,1,Rejected,36.6,84.7,2.3
DRV00249,Ekansh Dave,4482111405,KOL,2025-08-06,FC2968611874,VEH00249,,3.92,425,1,Verified,64.3,90.3,3.4
DRV00250,Hredhaan Saran,7668841907,HYD,2025-09-04,HK4327694529,VEH00250,,4.27,959,1,Verified,41.9,72.9,1.0
DRV00251,Manthan Mahajan,6109749711,KOL,2025-08-31,BB1648065271,VEH00251,,4.31,336,1,Verified,40.4,72.1,1.7
DRV00252,Yahvi Kapadia,9812467493,AMD,2024-05-24,GB5091864901,VEH00252,,4.32,278,1,Verified,24.9,73.9,2.2
DRV00253,Tanveer Mall,6047954848,KOL,2022-07-02,GS1187535158,VEH00253,,4.16,557,1,Verified,14.1,91.8,11.8
DRV00254,Kashvi Kota,9367493282,CHN,2024-01-04,DL8014254936,VEH00254,,4.53,969,1,Verified,50.7,83.1,12.4
DRV00255,Charita Chawla,0366635846,PUNE,2022-02-16,DC9686362858,VEH00255,,3.78,305,1,Verified,27.3,72.7,12.3
DRV00256,Wridesh Borra,7549528221,PUNE,2021-12-28,TJ2983751822,VEH00256,,4.68,470,1,Verified,47.6,80.7,10.2
DRV00257,Falguni Mani,6063670760,HYD,2021-03-22,LQ1364309176,VEH00257,,5.0,1090,1,Verified,57.4,78.5,9.9
DRV00258,Yatin Sen,9019097826,HYD,2022-07-01,YX2874562319,VEH00258,,4.49,2372,1,Verified,35.3,83.9,8.0
DRV00259,Radha Hari,8581054446,JAI,2022-04-19,ZH8777795192,VEH00259,,4.5,868,1,Rejected,65.9,72.3,12.7
DRV00260,Joshua Kadakia,3577020271,JAI,2023-09-30,IX1700768163,VEH00260,,4.5,882,1,Verified,67.1,80.4,6.5
DRV00261,Nirja Khanna,6080509633,AMD,2021-09-23,LY5001067751,VEH00261,,4.56,673,1,Verified,42.6,84.7,7.6
DRV00262,Advik Rajagopal,7886171617,AMD,2021-01-26,AQ6890197409,VEH00262,,3.97,218,1,Verified,80.0,94.3,5.5
DRV00263,Aarnav Som,6149905483,BLR,2026-06-19,UE9690678929,VEH00263,,3.33,487,1,Verified,22.0,94.1,13.4
DRV00264,Chakradev Mann,3024363895,LKO,2025-12-30,ZC9921378652,VEH00264,,4.72,857,1,Verified,46.3,91.9,13.5
DRV00265,Bhavya Prabhakar,0120681551,MUM,2022-06-10,WJ2624809178,VEH00265,,4.61,1265,1,Verified,46.3,76.5,2.3
DRV00266,Jai Kalita,0412785225,PUNE,2021-06-20,NX6297449822,VEH00266,,4.18,706,1,Pending,56.9,86.3,9.1
DRV00267,Matthew Parmer,2631508108,KOL,2021-11-02,VS2301340451,VEH00267,USR002942,4.55,1474,1,Verified,42.2,83.5,9.2
DRV00268,Nathaniel Savant,2231016123,JAI,2022-10-12,LY7067106533,VEH00268,,4.05,445,1,Verified,34.9,72.1,2.5
DRV00269,Aarav Ganguly,3158925849,CHN,2024-05-25,SS6578526146,VEH00269,USR001185,4.81,842,1,Verified,41.7,94.6,14.5
DRV00270,Tanish Sarkar,7469117197,JAI,2024-04-13,BM6474613828,VEH00270,,4.53,180,1,Verified,40.3,93.1,6.0
DRV00271,Vasana Raja,1624682457,PUNE,2023-10-09,BA7497992248,VEH00271,,4.34,78,0,Verified,18.0,76.9,11.5
DRV00272,Anvi Yadav,0763113463,KOL,2024-12-20,TH6597656131,VEH00272,,4.48,897,1,Verified,25.2,76.8,13.3
DRV00273,Lopa Pandit,4604067200,AMD,2021-02-02,GI1976596239,VEH00273,USR000778,4.4,590,1,Verified,30.3,92.2,12.1
DRV00274,Forum Krishna,0798302054,LKO,2021-05-06,CU1337478681,VEH00274,,4.31,1924,1,Verified,47.9,76.2,3.8
DRV00275,Orinder Johal,4512856310,MUM,2022-06-13,LD1750645734,VEH00275,,4.13,1954,1,Verified,27.4,80.9,11.4
DRV00276,Nathaniel Setty,8134548318,DEL,2024-07-20,TF5639500765,VEH00276,,4.05,932,1,Verified,48.4,80.9,5.2
DRV00277,Thomas Misra,9561090986,CHN,2022-06-27,XN5736893707,VEH00277,,4.33,2761,1,Verified,38.5,82.1,2.1
DRV00278,Urmi Acharya,9348792346,DEL,2025-12-30,US5014539226,VEH00278,,4.5,146,1,,39.4,89.2,12.0
DRV00279,Kashvi Divan,6474854035,KOL,2024-12-14,GR3536450440,VEH00279,,4.45,387,1,,37.2,96.3,0.8
DRV00280,Simon Pau,8264197745,LKO,2022-02-27,FV8805694827,VEH00280,,4.47,359,1,Verified,71.0,79.5,5.0
DRV00281,Yash Kuruvilla,0383287575,HYD,2022-02-12,FR0336873050,VEH00281,,4.24,259,1,Verified,54.6,77.2,5.4
DRV00282,Jacob Sunder,1892624395,MUM,2022-11-11,MM7175635077,VEH00282,,4.02,460,1,Verified,56.7,71.1,8.5
DRV00283,Triveni Kapur,3855161804,HYD,2025-06-21,LF6774548037,VEH00283,,4.18,482,1,Verified,38.2,93.0,9.8
DRV00284,Hemangini Sandal,0920877944,BLR,2021-05-12,VN0694804273,VEH00284,,4.35,543,1,Verified,43.6,84.9,1.3
DRV00285,Manan Bala,5066081790,CHN,2021-01-02,AR6277228628,VEH00285,,3.47,376,1,,49.7,98.4,12.8
DRV00286,Simon Boase,0651494739,LKO,2021-04-23,GL4131759188,VEH00286,USR002666,4.55,630,1,Verified,46.5,82.9,2.4
DRV00287,Laksh Babu,3106201773,AMD,2021-01-31,WJ6432897720,VEH00287,,4.44,910,1,Verified,39.9,87.4,11.0
DRV00288,Gaurika Dani,5889820490,BLR,2022-01-15,BP7969025661,VEH00288,,4.87,1067,1,Rejected,65.3,73.9,4.2
DRV00289,Zansi Raman,4917051677,KOL,2025-10-06,TS2915039020,VEH00289,,4.53,552,1,Pending,56.4,71.4,12.5
DRV00290,Ekiya Bhardwaj,7761325159,LKO,2024-02-28,IG7206317979,VEH00290,,4.6,649,1,Rejected,62.6,74.9,2.0
DRV00291,Oviya Rege,3753951792,LKO,2024-02-21,LO8515901469,VEH00291,,4.51,3659,1,Verified,47.1,92.6,14.3
DRV00292,Bahadurjit Sem,2489284494,CHN,2025-03-22,CI7244739293,VEH00292,,3.94,547,1,Verified,60.3,96.8,7.3
DRV00293,Gaurangi Ghose,6250642853,HYD,2025-06-23,IL6422578893,VEH00293,,3.78,138,1,,25.5,98.3,12.1
DRV00294,Alka Agate,1314875934,KOL,2022-03-07,QH4509190029,VEH00294,,4.46,780,1,Pending,50.3,96.2,11.1
DRV00295,Vincent Sekhon,4521182379,LKO,2022-01-24,TQ1963378570,VEH00295,USR000577,4.39,514,1,Verified,70.4,95.2,9.4
DRV00296,Mitali Parekh,5444913019,AMD,2024-04-21,GS6592654328,VEH00296,,4.3,788,1,Verified,59.2,72.0,1.6
DRV00297,Indrajit Ghosh,8728697205,HYD,2023-11-20,SS1052090224,VEH00297,,3.45,358,1,Verified,48.1,86.8,6.2
DRV00298,Yashawini Dugar,5227276224,CHN,2020-07-09,VM6285836518,VEH00298,,4.02,201,1,Verified,42.2,79.2,6.0
DRV00299,Girindra Wason,1255608112,MUM,2023-01-10,PJ6450241555,VEH00299,,4.48,865,1,Verified,33.8,98.8,7.7
DRV00300,Triveni Bassi,1505865889,PUNE,2025-10-05,CZ5742141360,VEH00300,,4.25,500,1,Verified,58.0,87.2,4.5
DRV00301,Pranit Roy,2790303032,CHN,2024-06-26,YO6822896740,VEH00301,,4.07,397,1,Verified,68.3,78.3,3.2
DRV00302,Daksha Sur,9729985078,HYD,2020-11-30,CH8205765907,VEH00302,,4.77,705,1,Pending,32.6,81.1,4.2
DRV00303,Faraj Chakrabarti,7178879489,AMD,2021-05-01,TI8573616185,VEH00303,,4.64,411,1,Verified,33.7,88.2,9.1
DRV00304,Sathvik Khare,0644008648,DEL,2021-06-21,CG6949277746,VEH00304,,3.59,588,0,Pending,12.3,90.8,2.9
DRV00305,Ekantika Grewal,4599150955,LKO,2022-10-23,LE6915554220,VEH00305,,4.41,742,1,Verified,31.3,84.1,4.2
DRV00306,Dipta Kannan,6845480184,LKO,2021-11-19,AB8519869405,VEH00306,,4.73,1360,1,,44.9,95.3,14.0
DRV00307,Aachal Babu,3887195184,BLR,2024-08-28,HV5121773284,VEH00307,,4.56,630,0,Verified,53.3,75.8,9.5
DRV00308,Zashil Rege,8902752669,AMD,2025-11-16,ZL4630182247,VEH00308,,4.31,1575,1,Verified,54.2,93.3,2.3
DRV00309,Abdul Bala,6433917313,KOL,2021-10-05,EK1331791565,VEH00309,,4.46,448,1,Verified,26.9,90.8,7.1
DRV00310,Urishilla Dugar,8117871135,MUM,2026-02-04,FL2196776296,VEH00310,,4.62,1543,1,Verified,41.9,79.5,12.2
DRV00311,Bhavna Chandran,9337687682,HYD,2022-05-07,VD3355114172,VEH00311,,4.79,1390,0,Verified,50.1,82.1,14.0
DRV00312,Aarav Rau,6308235653,DEL,2020-12-10,DC5938430358,VEH00312,,4.18,561,1,Verified,49.7,82.5,7.7
DRV00313,Akshay Chopra,7509729027,AMD,2021-01-15,EX5948704550,VEH00313,,4.45,155,0,Verified,25.7,86.2,1.7
DRV00314,Riya Agrawal,1406188363,CHN,2025-05-13,XO1590869928,VEH00314,,4.31,592,1,Verified,37.4,76.3,8.5
DRV00315,Fitan Goda,5605628734,MUM,2024-08-14,VV8035637340,VEH00315,,3.51,305,1,Verified,23.2,79.3,3.9
DRV00316,Victor Reddy,1481701903,DEL,2025-08-30,RW0298399663,VEH00316,,4.65,985,1,Verified,47.6,96.3,14.5
DRV00317,Harinakshi Shankar,7043837499,HYD,2021-04-15,BK9850821132,VEH00317,,4.16,809,1,Pending,50.8,83.9,14.8
DRV00318,Naveen Ahuja,7043526455,AMD,2021-07-03,ED5208497031,VEH00318,,3.59,822,1,Verified,52.7,93.7,8.5
DRV00319,Veda Deshpande,1052983996,PUNE,2024-01-13,WH8103941127,VEH00319,,4.14,675,1,Verified,48.0,76.3,0.5
DRV00320,Lakshmi Mall,1634661682,HYD,2021-01-19,NP2242283782,VEH00320,,4.41,989,1,Pending,46.0,70.6,5.3
DRV00321,Manan Raman,1319800199,BLR,2023-05-28,UZ9115396855,VEH00321,,4.93,334,1,Verified,18.3,73.3,14.5
DRV00322,Nicholas Yohannan,2967367317,CHN,2024-03-02,WG6644647077,VEH00322,,3.87,610,1,Verified,33.6,83.5,8.5
DRV00323,Upma Gade,7112775784,AMD,2021-09-11,SJ8569270815,VEH00323,,4.92,584,1,Verified,49.7,87.8,0.1
DRV00324,Ekaja Nagi,2235365629,HYD,2025-10-08,UJ7998099350,VEH00324,,3.97,698,1,Verified,63.4,77.8,14.6
DRV00325,Darika Prakash,8534833742,KOL,2023-05-08,HX7813716841,VEH00325,,4.19,463,1,Verified,37.1,73.3,1.2
DRV00326,Ishanvi Tailor,5427202397,BLR,2021-01-22,UU9237470164,VEH00326,,4.54,742,1,Verified,32.7,72.1,14.8
DRV00327,Yashodhara Mane,4232989727,AMD,2026-02-09,EO0238544057,VEH00327,,3.64,2144,1,Verified,60.0,84.1,14.9
DRV00328,Aachal Sengupta,3837215758,JAI,2023-08-18,EW6222460971,VEH00328,,4.71,401,1,Pending,21.2,86.2,3.5
DRV00329,Pallavi Dyal,0511685108,LKO,2022-06-11,SF2881797515,VEH00329,,4.17,582,0,Verified,40.6,95.0,2.5
DRV00330,Mugdha Cherian,9805517397,HYD,2021-04-21,EL1332092900,VEH00330,,4.56,1000,1,Verified,66.8,73.4,14.8
DRV00331,Aishani Kadakia,8902939688,BLR,2022-09-22,UY0113201144,VEH00331,,4.72,250,0,Verified,71.2,84.6,2.9
DRV00332,Mohini Parikh,1970567969,CHN,2022-09-07,GQ6209597020,VEH00332,,4.22,556,0,Verified,27.8,96.7,1.6
DRV00333,Wishi Sibal,2808367355,DEL,2026-03-25,BR4245341990,VEH00333,,4.53,864,1,Verified,59.9,82.0,11.0
DRV00334,Geetika Sathe,5317911384,AMD,2021-06-05,WS0497786708,VEH00334,,4.27,307,0,Verified,50.7,78.1,7.6
DRV00335,Ucchal Bera,5319088753,CHN,2023-03-15,CC2160569198,VEH00335,,3.84,938,1,Verified,38.9,92.9,7.9
DRV00336,Siya Venkatesh,5118231476,PUNE,2020-06-20,CG5229501189,VEH00336,,4.52,404,1,Rejected,20.5,75.2,13.1
DRV00337,Qabil Narula,2119865715,PUNE,2023-02-28,KR2827854437,VEH00337,,3.73,411,1,Verified,52.0,88.4,6.2
DRV00338,Damyanti Zacharia,7561470441,KOL,2021-02-06,HL1172509673,VEH00338,,4.44,774,1,Verified,41.5,71.3,1.0
DRV00339,Ethan Sinha,9877268056,DEL,2026-05-13,ZH0481527347,VEH00339,,4.67,471,1,Verified,48.1,93.9,0.8
DRV00340,Amara Menon,5581947688,LKO,2022-06-18,OZ7105128074,VEH00340,,4.35,987,1,Verified,44.5,85.1,12.5
DRV00341,Harita Bajaj,3115418817,DEL,2021-07-01,TM3540931366,VEH00341,,4.87,1673,1,Verified,32.1,74.1,1.6
DRV00342,Janya Narain,1713587039,LKO,2025-08-14,WT3058882252,VEH00342,,3.82,181,1,Verified,52.9,81.9,4.6
DRV00343,Unni Gokhale,3478000751,BLR,2020-12-03,DJ9256518378,VEH00343,,4.59,536,1,Verified,57.2,98.0,1.8
DRV00344,Varenya Dhaliwal,1660062082,MUM,2021-10-13,RD4861766568,VEH00344,,4.31,1376,0,Verified,54.5,76.1,6.0
DRV00345,Kevin Panchal,5246358814,HYD,2022-01-25,PB7654379859,VEH00345,,5.0,395,1,Verified,69.8,77.4,6.8
DRV00346,Frederick Merchant,2925333272,DEL,2024-10-10,XE9411769871,VEH00346,,4.23,430,1,Verified,61.4,85.2,5.2
DRV00347,Lipika Singh,1844989266,PUNE,2024-03-18,QB5111615458,VEH00347,USR000213,4.31,2461,1,Verified,50.3,88.4,11.5
DRV00348,Kabir Bhattacharyya,6023549495,LKO,2024-01-05,RB6269287431,VEH00348,,3.59,562,1,Verified,60.7,72.3,0.8
DRV00349,Aradhana Barman,5012783628,PUNE,2023-03-19,FW4303320818,VEH00349,,3.91,1130,1,Verified,49.1,70.1,3.5
DRV00350,Yoshita Solanki,6880695042,BLR,2021-03-11,GB6908380229,VEH00350,,4.93,224,1,Verified,51.3,73.2,13.4
DRV00351,Anthony Gala,6820670371,KOL,2024-11-13,LY3161997307,VEH00351,,4.05,342,1,Verified,19.4,74.2,3.0
DRV00352,Fitan Sane,5898934701,DEL,2020-10-19,YB2580799764,VEH00352,,4.09,207,1,Pending,38.3,70.8,7.6
DRV00353,Azad Arya,8210931256,JAI,2020-10-25,AL9085818672,VEH00353,,4.52,194,1,Verified,53.3,72.3,5.5
DRV00354,Saanvi Chander,9188925737,DEL,2023-08-22,TF2723598376,VEH00354,,4.78,1051,0,Verified,44.9,83.0,2.1
DRV00355,Agastya Saini,7570354842,JAI,2023-06-05,QR3113521820,VEH00355,,4.87,488,0,Pending,35.8,77.5,12.1
DRV00356,Owen Mohan,9118091874,JAI,2021-11-21,EH8929826212,VEH00356,,4.66,487,1,Verified,42.0,72.9,4.8
DRV00357,Baljiwan Mandal,8419647182,MUM,2026-07-17,EC2720558023,VEH00357,,4.66,414,1,Verified,52.6,79.7,5.1
DRV00358,Neel Hari,5518725717,KOL,2022-09-03,NU8127139822,VEH00358,,4.11,2266,1,Pending,38.1,74.3,11.4
DRV00359,Thomas Hayre,1595154853,AMD,2025-09-03,RT6994234028,VEH00359,,4.29,369,1,,63.9,70.5,13.5
DRV00360,Falguni Ahuja,1824947323,HYD,2026-02-28,FE7950448018,VEH00360,,4.27,579,1,Verified,68.9,96.9,8.2
DRV00361,Yashoda Sehgal,4416014308,BLR,2023-02-03,HG3765928697,VEH00361,,4.15,374,1,Verified,35.1,95.7,6.1
DRV00362,Advika Tandon,8928074635,HYD,2023-09-24,ZA7014472049,VEH00362,,4.88,749,0,,35.4,77.9,13.7
DRV00363,Aarini Varma,8501104611,LKO,2024-04-26,SV3835810193,VEH00363,,5.0,962,1,Verified,24.2,91.7,10.7
DRV00364,Joshua Nair,1371080172,MUM,2026-04-04,GM4255890986,VEH00364,,4.44,2167,1,Verified,60.5,96.5,0.3
DRV00365,Brinda Mukherjee,9814955117,PUNE,2024-05-14,SS4996572897,VEH00365,,4.06,647,0,Verified,27.3,78.8,4.2
DRV00366,Qarin Chowdhury,0854471338,JAI,2021-06-25,IH0947921851,VEH00366,,4.33,202,1,Verified,56.0,82.6,4.9
DRV00367,Brijesh Tailor,6170153209,BLR,2025-01-17,OP1624736736,VEH00367,,4.26,817,1,,25.2,85.7,1.9
DRV00368,Darsh Nayar,8844383706,LKO,2021-09-25,SD8238899078,VEH00368,,4.96,590,1,Verified,55.1,74.0,2.9
DRV00369,Zaitra Anand,6545374734,CHN,2021-08-29,SJ5885246815,VEH00369,,4.37,797,1,Verified,52.6,90.8,2.5
DRV00370,Ojasvi Sarna,6852520035,CHN,2024-05-16,UR5277263350,VEH00370,,4.8,549,1,Verified,25.6,83.2,0.0
DRV00371,Shaurya Memon,0083014629,AMD,2024-09-07,UF9132233108,VEH00371,,3.7,859,1,Verified,39.7,81.4,6.1
DRV00372,Raghav Ghosh,1221694108,LKO,2024-08-23,RS4500182836,VEH00372,,3.98,513,1,Pending,47.8,91.7,12.4
DRV00373,Ishwar Dubey,4280340757,LKO,2023-02-19,CM0295826877,VEH00373,,3.75,675,1,Verified,46.9,76.9,4.9
DRV00374,Odika Johal,4373821831,DEL,2020-09-13,LZ6729715109,VEH00374,,5.0,151,0,Verified,56.8,98.8,9.3
DRV00375,Madhav Desai,2314947461,CHN,2026-06-15,GL4005814611,VEH00375,,4.02,608,1,Verified,55.8,75.3,0.8
DRV00376,Hema Vyas,6258266016,KOL,2024-10-13,HP0012214985,VEH00376,,3.8,729,1,Verified,32.8,88.0,5.4
DRV00377,Zinal Choudhry,1975092119,DEL,2021-03-07,TB8806138854,VEH00377,,4.11,1188,1,Verified,59.6,85.0,3.8
DRV00378,Aahana Sarkar,0961621689,JAI,2022-02-22,KM4606033930,VEH00378,,4.59,322,1,Verified,43.4,88.9,1.2
DRV00379,Dayamai Pandey,5919700355,LKO,2024-04-07,KW2010869862,VEH00379,,4.82,2150,1,Verified,24.6,98.8,10.8
DRV00380,Zehaan Grewal,9131942758,PUNE,2021-04-04,ZO7977309430,VEH00380,,4.42,603,1,Verified,36.0,84.2,2.9
DRV00381,Adweta Salvi,8289537569,PUNE,2026-02-14,YT5083297012,VEH00381,,4.29,2046,1,Verified,57.4,98.2,2.5
DRV00382,Radhika Pathak,9335089176,JAI,2022-09-30,ZO5056875352,VEH00382,,4.6,2017,1,Verified,54.2,93.7,0.9
DRV00383,Vyanjana Pathak,0717968711,LKO,2021-08-11,XL5892906347,VEH00383,,4.29,1010,1,Verified,39.8,90.8,8.1
DRV00384,Gavin Balan,1715578521,DEL,2020-06-12,RU2455950314,VEH00384,USR001686,5.0,1029,1,Verified,49.8,92.4,11.3
DRV00385,Rohan Koshy,2173699214,MUM,2020-08-03,OD2170273434,VEH00385,,3.85,559,1,Verified,17.1,83.7,5.2
DRV00386,Chandresh Murty,2926004399,CHN,2026-05-17,MP7551451808,VEH00386,,4.48,2145,1,Verified,53.4,72.0,3.1
DRV00387,Ishita Kapadia,7710814745,BLR,2022-03-05,XD5986476355,VEH00387,,4.18,390,1,Verified,55.6,94.0,8.7
DRV00388,Chanchal Kale,2571527264,JAI,2025-11-30,ZC6828841081,VEH00388,,4.82,317,1,Verified,35.4,93.4,7.0
DRV00389,Lohit Dayal,8238707079,DEL,2024-01-14,JH1688583261,VEH00389,,4.51,764,0,Verified,54.8,92.2,0.9
DRV00390,Eesha Muni,1806036323,MUM,2021-02-14,UK5466083058,VEH00390,USR002576,4.73,975,1,Verified,54.5,92.6,9.0
DRV00391,Deepa Divan,0719612933,LKO,2020-11-27,HO0599564052,VEH00391,USR001622,4.4,1404,1,Verified,51.1,72.9,0.7
DRV00392,Brinda Parmar,1705682583,BLR,2023-12-12,OG7644669725,VEH00392,USR002405,3.54,414,0,Verified,46.3,97.8,11.3
DRV00393,Max Sachar,1439750135,CHN,2025-12-21,JW2237249558,VEH00393,,4.81,404,1,Verified,45.6,72.6,11.7
DRV00394,Fiyaz Sahni,5037907279,LKO,2022-11-24,RZ7751373504,VEH00394,,4.99,380,1,Verified,26.5,85.1,5.2
DRV00395,Ishaan Rau,3684101328,MUM,2022-05-12,ZI9474190592,VEH00395,USR000997,4.51,274,1,Verified,40.6,85.8,3.3
DRV00396,Umang Radhakrishnan,9810016472,KOL,2024-06-26,JB2635716279,VEH00396,,4.82,728,0,Verified,38.9,86.6,10.2
DRV00397,Logan Ganesan,4014550419,MUM,2021-10-18,LC4595365336,VEH00397,,4.72,969,1,Verified,52.9,92.3,2.8
DRV00398,Deepa Dora,4655286205,AMD,2023-08-06,TX8450204740,VEH00398,,5.0,543,1,Verified,66.9,82.9,5.9
DRV00399,Ayushman Tank,4950050702,HYD,2021-11-14,FU0571297826,VEH00399,USR000639,5.0,533,0,Verified,50.6,94.7,4.3
DRV00400,Vedhika Srinivas,6016569908,AMD,2025-08-27,NH4819356076,VEH00400,,3.95,368,1,Verified,40.7,94.2,8.2
DRV00401,Nachiket Kalla,7767323069,KOL,2024-08-22,RO9954935791,VEH00401,,4.75,1005,1,Verified,47.3,86.1,5.2
DRV00402,Dayita Bail,6673564552,HYD,2022-12-18,ZY6302188842,VEH00402,,4.77,505,1,Pending,15.0,83.8,13.6
DRV00403,Theodore Krishna,2059420805,LKO,2025-05-09,SL4953630918,VEH00403,,4.28,818,1,Verified,38.6,83.9,11.7
DRV00404,Pallavi Anand,5369209269,HYD,2021-10-28,RU2734341014,VEH00404,,4.48,1221,1,Verified,55.2,76.0,4.0
DRV00405,Sneha Mani,5824069712,CHN,2024-09-24,TD0551421266,VEH00405,,4.01,523,0,Verified,37.8,78.4,2.6
DRV00406,Shivansh Dhingra,4942221660,MUM,2022-05-27,YT1507958876,VEH00406,USR002912,4.53,1783,1,Verified,47.2,90.7,2.7
DRV00407,Hemani Padmanabhan,1537341993,MUM,2024-06-20,VY1973337384,VEH00407,,3.74,417,1,Verified,40.4,74.6,0.7
DRV00408,Meera Shankar,6834879038,MUM,2022-12-15,XE6747449037,VEH00408,,3.76,638,1,Verified,42.3,82.8,12.1
DRV00409,Jacob Chaudhary,9538917147,AMD,2021-11-24,HJ8089033721,VEH00409,,4.39,269,1,Verified,53.9,94.7,9.3
DRV00410,Tanish Bhalla,3012285757,PUNE,2025-01-15,KD8084510026,VEH00410,,4.77,1565,0,Verified,80.0,89.2,10.6
DRV00411,Jack Varkey,2729815608,KOL,2024-05-13,IK7260410438,VEH00411,,3.58,502,1,Verified,40.6,84.0,5.9
DRV00412,Shaurya Pandey,1544268490,LKO,2022-11-15,JS4129045615,VEH00412,,4.43,1205,1,Verified,45.3,91.8,1.2
DRV00413,Krisha Dada,3161481566,HYD,2023-10-25,CB3602698595,VEH00413,,4.63,1221,1,Verified,45.2,88.4,9.0
DRV00414,Balvan Dubey,5214946798,BLR,2022-12-20,OC7047943880,VEH00414,,3.97,855,1,Verified,68.5,95.6,10.5
DRV00415,Jackson Dora,6178819190,LKO,2024-04-30,BS1537122478,VEH00415,,3.38,1114,1,Verified,68.7,90.7,12.4
DRV00416,Yashawini Pradhan,2728781503,DEL,2020-12-11,WL6128338869,VEH00416,,4.51,483,1,Verified,62.6,96.6,14.8
DRV00417,Meghana Kohli,7886019746,PUNE,2021-05-19,EQ7706165352,VEH00417,,5.0,1849,1,Rejected,56.1,94.6,2.2
DRV00418,Idika Verma,9272609046,HYD,2023-07-27,AV2889410515,VEH00418,,4.48,996,1,Pending,41.1,92.6,5.5
DRV00419,Gaurangi Chandra,2590597181,PUNE,2026-01-21,VM9656976292,VEH00419,,3.85,543,1,Verified,34.2,77.3,8.5
DRV00420,Yash Doctor,5475946223,DEL,2022-09-22,FZ6822240099,VEH00420,,4.72,293,1,Pending,47.1,98.9,4.8
DRV00421,Urvashi Narayan,2192657193,HYD,2020-11-26,QM6576458841,VEH00421,,4.3,355,1,Verified,70.4,77.7,8.6
DRV00422,Advaith Ray,7191054321,BLR,2023-01-23,AK6130363902,VEH00422,,4.79,896,1,Verified,52.9,75.7,9.8
DRV00423,Tanish Kunda,9245783648,KOL,2021-06-15,CX2025903678,VEH00423,,4.05,754,1,Verified,50.9,76.8,5.2
DRV00424,Qadim Dugal,8836350531,AMD,2023-01-31,ZV9567599342,VEH00424,,4.84,526,1,,35.7,79.3,8.3
DRV00425,Yashica Setty,4726486766,BLR,2024-05-10,BV1524777703,VEH00425,,5.0,851,1,Verified,68.4,74.1,2.0
DRV00426,Tripti Mukherjee,8700221948,HYD,2024-02-27,OA6747271061,VEH00426,,4.96,514,1,Verified,42.8,94.4,3.1
DRV00427,Aarush Patla,9194851761,BLR,2025-08-02,CP7413534661,VEH00427,,4.42,403,1,Verified,40.4,90.3,8.0
DRV00428,Isaiah Kade,8558665539,DEL,2024-06-16,IC7527858526,VEH00428,,3.95,374,1,Pending,42.2,80.0,6.0
DRV00429,Jeevika Upadhyay,3813396922,MUM,2023-11-18,XS1046385581,VEH00429,,4.18,403,1,Verified,51.6,79.2,12.8
DRV00430,Leena Narasimhan,8405359762,PUNE,2023-08-30,RZ0764699549,VEH00430,,4.13,716,1,Verified,61.4,83.4,12.0
DRV00431,Aarnav Contractor,7740107075,AMD,2021-05-10,VG7098343614,VEH00431,,5.0,430,1,Verified,41.8,77.1,5.9
DRV00432,Bimala Kaul,7209079861,AMD,2025-04-14,DP1815577921,VEH00432,,4.33,1566,1,Verified,38.8,91.1,9.2
DRV00433,Advaith Goda,8786520229,MUM,2023-08-16,KS0841805286,VEH00433,,4.32,292,1,Verified,69.6,77.8,13.5
DRV00434,Vedant Rege,2553241973,HYD,2021-04-17,OF3713123019,VEH00434,,5.0,373,0,,40.8,78.7,13.4
DRV00435,Amara Sanghvi,4907817560,BLR,2023-09-27,YS2486827276,VEH00435,,4.57,665,1,Verified,42.8,84.0,13.4
DRV00436,Radha Kala,4486573554,BLR,2021-07-24,ZP2707888348,VEH00436,,5.0,591,1,Verified,48.6,81.3,6.7
DRV00437,Meera Sachar,7196432868,BLR,2024-05-30,IO7247148805,VEH00437,,4.7,692,1,Verified,55.4,79.9,8.2
DRV00438,Oviya Nath,3255750778,CHN,2023-02-06,GB7301829807,VEH00438,,4.8,797,0,Verified,37.2,97.9,4.9
DRV00439,Raghav Reddy,5378058587,KOL,2020-12-25,WX9367988193,VEH00439,,5.0,763,1,Verified,23.7,76.0,7.5
DRV00440,Aachal Manda,0389344828,CHN,2021-04-25,SL2612356145,VEH00440,,4.24,265,0,Verified,53.6,88.4,7.6
DRV00441,Madhav Sane,2088287333,KOL,2021-06-03,WF9618356138,VEH00441,,4.33,880,1,Verified,36.6,83.4,9.8
DRV00442,Yagnesh Gole,3006936646,PUNE,2020-06-12,XZ7732015546,VEH00442,,4.77,818,0,Verified,53.6,97.5,7.5
DRV00443,Logan Bobal,3032688530,BLR,2023-08-05,WI3897602222,VEH00443,,4.54,515,0,Verified,34.2,92.8,1.8
DRV00444,Sudiksha Bhardwaj,7509054621,MUM,2025-05-02,DX6620253328,VEH00444,,4.8,1854,0,Verified,39.9,81.5,2.8
DRV00445,Azaan Grewal,1243440262,KOL,2023-09-25,AQ4438088813,VEH00445,,3.55,815,0,Verified,50.6,79.1,9.1
DRV00446,Orinder Bhalla,7941186473,AMD,2021-05-15,RM6159937904,VEH00446,,3.79,1106,1,Verified,70.1,89.8,11.3
DRV00447,Caleb Dani,7945961199,BLR,2024-11-30,TY9648462971,VEH00447,,4.67,329,1,Verified,35.2,94.1,1.3
DRV00448,Zarna Palla,9863806932,PUNE,2023-09-30,JP9525883606,VEH00448,,4.33,163,1,Verified,39.2,81.7,14.0
DRV00449,Praneel Jaggi,6965499954,BLR,2023-10-09,FM7474037051,VEH00449,,3.85,575,1,Verified,46.9,79.5,9.0
DRV00450,Chatura Agarwal,8136714710,HYD,2025-06-07,IX0978553914,VEH00450,,5.0,895,1,Verified,38.1,98.2,8.0
DRV00451,Mahika Sharma,4254944219,KOL,2024-06-14,RL6450819740,VEH00451,,5.0,632,1,Verified,28.0,86.5,10.1
DRV00452,Jhalak Master,2143965358,BLR,2022-09-09,EU0098028603,VEH00452,,4.56,250,1,Pending,67.2,84.9,9.2
DRV00453,Urmi Kalita,7518361235,MUM,2022-07-09,MR7835506183,VEH00453,,4.59,1056,1,Verified,40.1,70.5,12.0
DRV00454,Krishna Dhingra,6361655381,HYD,2026-06-26,IA1802544415,VEH00454,,4.23,837,1,Verified,60.3,80.2,13.0
DRV00455,Nandini Apte,5123211400,MUM,2024-12-28,BB8619138749,VEH00455,,4.47,871,1,Verified,55.0,89.9,3.7
DRV00456,Jai Lanka,5071460646,JAI,2021-09-13,RN5375133508,VEH00456,,3.66,659,1,Verified,55.4,82.6,2.9
DRV00457,Nathan Chaudhary,6681203990,KOL,2026-07-09,VV8990440699,VEH00457,,5.0,1635,1,Verified,21.4,96.0,2.9
DRV00458,Radha Kamdar,8819757793,BLR,2024-08-08,LB4573844266,VEH00458,,4.89,459,1,Verified,69.8,80.8,3.7
DRV00459,Aahana Srivastava,0027086091,DEL,2022-10-21,VI9020895974,VEH00459,,4.73,453,1,Verified,39.6,82.2,14.9
DRV00460,Gaurika Chada,0634620136,MUM,2022-09-04,KH8316467500,VEH00460,,4.72,600,1,Pending,17.4,80.4,3.5
DRV00461,Aishani Gour,8024396935,PUNE,2020-07-18,UX1254472013,VEH00461,,4.3,1057,1,Verified,50.6,75.4,2.0
DRV00462,Devika Rajagopal,6887886144,PUNE,2025-11-24,UG8523431148,VEH00462,,4.32,467,0,Verified,51.7,96.3,1.0
DRV00463,Ridhi Talwar,2543236912,LKO,2021-09-06,GP8337113790,VEH00463,,4.01,2591,0,Verified,71.0,92.1,1.7
DRV00464,Sanya Majumdar,1064682753,AMD,2020-08-27,YB0379191553,VEH00464,,4.57,600,1,Verified,42.6,94.8,4.5
DRV00465,Arunima Dave,4626714628,MUM,2023-04-25,SD4546289149,VEH00465,USR000453,4.16,316,1,Verified,46.4,71.1,3.7
DRV00466,Riya Mangal,4886630464,KOL,2022-01-12,RG0560620870,VEH00466,,4.73,721,1,Rejected,36.3,88.1,10.5
DRV00467,Keya Edwin,8753191516,CHN,2025-05-24,PY2137373696,VEH00467,,5.0,942,0,Verified,49.0,90.9,0.4
DRV00468,Ucchal Kade,1967466966,DEL,2020-10-24,GE5763327738,VEH00468,,4.94,1362,0,Verified,49.4,80.5,11.3
DRV00469,Oscar Thakur,6569173952,AMD,2022-03-11,FN9675688557,VEH00469,,3.9,306,1,Verified,17.4,80.6,11.5
DRV00470,Nidhi Sekhon,4921888779,JAI,2021-04-07,VP6330986567,VEH00470,,4.55,1411,1,Verified,53.8,97.7,12.6
DRV00471,Dominic Om,6702884564,LKO,2020-11-26,GF5151182640,VEH00471,,4.78,431,1,Verified,19.5,93.5,7.3
DRV00472,Chavvi Varma,2161785354,AMD,2024-10-06,HN5434468092,VEH00472,,4.65,1223,1,Verified,50.4,96.1,8.8
DRV00473,Forum Dube,8015559021,HYD,2020-08-24,XH1771763039,VEH00473,,4.76,761,1,Verified,61.1,91.1,14.6
DRV00474,Andrew Mohanty,4797648015,BLR,2023-06-22,FS6208240213,VEH00474,,4.38,1464,1,Rejected,50.3,77.1,8.3
DRV00475,Bina Mangal,6190368438,LKO,2026-05-04,WG7043191786,VEH00475,,5.0,347,1,Verified,44.0,84.6,14.7
DRV00476,Yashoda Sachdev,2974174370,MUM,2022-08-26,ZB1131600935,VEH00476,,3.97,524,1,Verified,80.0,70.4,4.3
DRV00477,Onveer Chakraborty,6380011914,CHN,2023-02-01,GO5219994716,VEH00477,,4.79,1341,1,Verified,74.4,93.1,11.4
DRV00478,Meera Kaul,5027334511,PUNE,2024-06-25,LP2502254426,VEH00478,,4.52,591,1,Verified,51.8,89.4,2.2
DRV00479,Victor Sachdeva,9336255348,KOL,2024-03-01,PC8319447201,VEH00479,,4.56,733,0,Verified,28.4,71.6,10.7
DRV00480,Samuel Deshmukh,5511428824,AMD,2026-01-24,MH7887847237,VEH00480,,3.92,782,1,Verified,45.8,79.5,1.6
DRV00481,Ubika Sharaf,7016736632,BLR,2022-09-20,XK0362640592,VEH00481,,4.67,1249,0,Verified,31.0,96.3,8.9
DRV00482,Anvi Sridhar,7281825784,LKO,2023-10-22,YL1559831086,VEH00482,,3.48,856,1,Verified,73.5,95.2,11.2
DRV00483,Watika Butala,8625413232,CHN,2024-03-26,EU7391515112,VEH00483,,4.11,782,0,Pending,63.9,75.5,9.7
DRV00484,Veda Vig,7489623172,CHN,2024-05-18,FG3498520818,VEH00484,,4.01,660,1,Verified,58.7,75.8,5.4
DRV00485,Nandini Dass,0490100186,MUM,2025-11-06,CV0373542133,VEH00485,,4.49,872,1,Pending,56.6,74.9,8.6
DRV00486,Zashil Dara,6626908616,BLR,2023-06-03,KV7039460382,VEH00486,,4.86,420,1,,25.9,89.7,0.3
DRV00487,Aarini Kamdar,5474691170,HYD,2023-08-02,ZG8099237347,VEH00487,USR001835,4.15,473,1,Verified,63.0,73.0,3.5
DRV00488,Xavier Edwin,2510838545,BLR,2020-12-17,WV0540327635,VEH00488,,4.68,452,0,Pending,55.8,73.2,8.0
DRV00489,Anvi Kaur,5803940876,BLR,2020-06-21,DL3005216034,VEH00489,,5.0,379,1,Pending,47.2,90.8,14.7
DRV00490,Amara Gade,7952898924,DEL,2022-10-18,TD1340584805,VEH00490,,4.04,346,1,Verified,63.9,91.6,7.9
DRV00491,Odika Ramaswamy,0082590036,LKO,2024-03-15,YJ7031292870,VEH00491,,4.59,461,1,Verified,63.6,78.5,2.0
DRV00492,Rehaan Patla,5240246912,LKO,2024-03-02,KM2399913705,VEH00492,,4.63,496,1,Verified,48.5,84.4,5.0
DRV00493,Gauri Kala,3996012111,DEL,2020-09-14,HJ4998253918,VEH00493,,4.47,710,1,Rejected,26.1,84.4,6.0
DRV00494,Pratyush Bhagat,3519788164,PUNE,2022-03-04,AM6949644439,VEH00494,USR002515,4.35,1040,0,Verified,42.1,93.2,11.4
DRV00495,Dhruv Majumdar,0951000355,MUM,2024-06-05,CL1381502413,VEH00495,,4.33,1166,1,Verified,58.3,71.9,13.0
DRV00496,Falguni Lata,7416228889,JAI,2022-02-19,UN5048447878,VEH00496,,4.2,1042,1,Verified,0.0,86.9,7.2
DRV00497,Yadavi Pandit,3168467823,CHN,2025-10-09,BM1686207698,VEH00497,,4.15,627,1,Verified,20.8,96.3,6.4
DRV00498,Vanya Bhat,5341121092,AMD,2023-07-15,QQ3805927020,VEH00498,,3.92,759,1,Verified,50.2,88.1,10.2
DRV00499,Mugdha Krishnan,3916511092,JAI,2025-10-01,IU7205433344,VEH00499,,4.01,452,0,Rejected,54.0,91.2,2.6
DRV00500,Bhavani Lad,8675281088,HYD,2024-11-28,ZC1318764268,VEH00500,,3.63,474,1,Verified,61.6,89.1,6.4
DRV00501,Jeet Aggarwal,4066612068,DEL,2026-07-05,TE6429816305,VEH00501,,3.95,122,1,Verified,40.5,93.6,3.4
DRV00502,Frado Saran,2324466867,PUNE,2022-02-02,FM0558107777,VEH00502,,4.19,510,1,Pending,26.6,75.5,3.4
DRV00503,Daniel Patla,8472982908,JAI,2020-09-27,FJ1756547717,VEH00503,,5.0,789,1,Verified,47.3,97.4,5.4
DRV00504,Amol Wadhwa,7028580560,HYD,2024-04-10,IN1284326533,VEH00504,,4.7,241,1,Verified,32.9,86.7,13.8
DRV00505,Qabil Wali,3336037237,DEL,2021-08-16,AN4663250517,VEH00505,,4.16,763,1,,23.1,96.2,3.8
DRV00506,Chandran More,6869580522,KOL,2024-05-07,FG2836561923,VEH00506,,4.65,300,0,Verified,59.8,85.0,5.4
DRV00507,Widisha Magar,0255441329,HYD,2020-10-04,CM4730732323,VEH00507,,4.09,1795,1,Verified,40.3,95.0,4.5
DRV00508,Anita Samra,0603889236,HYD,2024-01-27,IX4294357727,VEH00508,,4.25,998,1,Verified,35.9,96.6,12.0
DRV00509,Yochana Goel,3955476778,HYD,2022-03-04,QN8964583676,VEH00509,,4.83,364,1,Verified,66.1,74.7,7.9
DRV00510,Abeer Lad,5316969167,BLR,2023-10-13,RQ4543668834,VEH00510,,4.68,296,1,Verified,63.9,74.3,4.6
DRV00511,Sneha Dube,3067992624,BLR,2024-01-01,WV0982496541,VEH00511,,4.45,735,1,Verified,37.7,81.8,9.7
DRV00512,Aarini Menon,2694467698,HYD,2024-06-16,NT8294313185,VEH00512,,4.87,917,0,Verified,46.5,76.1,0.2
DRV00513,Arjun More,3180415537,BLR,2023-10-02,BM9795254017,VEH00513,,4.89,1377,1,Verified,27.5,72.4,11.2
DRV00514,Riya Hayer,1838043231,BLR,2023-10-23,JV2718297268,VEH00514,,4.67,264,1,Verified,63.0,73.0,11.2
DRV00515,Ojas Sundaram,0451782257,KOL,2021-06-05,MK9835115305,VEH00515,,4.04,846,1,Verified,23.2,85.2,11.2
DRV00516,Hritik Tella,0963342197,PUNE,2020-10-13,YG5835328928,VEH00516,,4.38,1943,1,Verified,50.0,93.8,8.3
DRV00517,Nicholas Raj,4413845960,JAI,2023-01-05,ZB1211355673,VEH00517,USR000553,4.4,1595,1,Verified,57.2,93.6,3.1
DRV00518,Darika Vora,0092449287,MUM,2021-08-26,VU2946643064,VEH00518,USR001297,3.9,907,0,Verified,49.9,93.0,3.8
DRV00519,Frado Sastry,8966827646,BLR,2022-12-05,FE0696475392,VEH00519,,3.69,365,1,Verified,49.5,93.8,4.6
DRV00520,Triveni Sharaf,7740051512,MUM,2026-05-11,OZ9233841075,VEH00520,,4.09,558,1,Pending,56.8,76.0,0.3
DRV00521,Udarsh Shukla,5882700019,HYD,2022-12-05,HP3769184477,VEH00521,,4.31,466,1,Verified,44.7,95.7,8.5
DRV00522,Dayita Varty,7035979359,MUM,2020-11-24,GM9756557246,VEH00522,,4.4,614,1,Verified,39.2,80.7,11.5
DRV00523,Yuvraj Badal,0162824969,CHN,2020-07-14,OF0482655013,VEH00523,,4.45,969,1,Verified,42.3,85.5,13.8
DRV00524,Gauri Dhar,4352556673,PUNE,2025-01-06,MN5437065407,VEH00524,,4.84,1674,1,Verified,38.7,91.9,5.8
DRV00525,Mugdha Karan,5864148107,PUNE,2026-06-21,WK2942388684,VEH00525,,4.51,506,1,Verified,15.2,76.6,14.1
DRV00526,Unnati Bora,0618325833,KOL,2022-01-07,NW7850851137,VEH00526,,4.84,284,1,Verified,52.6,83.1,14.4
DRV00527,Chandran Vora,6385266863,CHN,2024-08-23,HR8774003947,VEH00527,,4.16,1321,1,Verified,73.6,77.3,12.5
DRV00528,Elijah Sahota,9925621385,LKO,2020-10-16,PJ2604486057,VEH00528,,4.38,595,1,Verified,17.1,70.5,6.1
DRV00529,Utkarsh Mukhopadhyay,8375439554,AMD,2023-12-15,HS9910411872,VEH00529,,4.53,301,1,Verified,45.4,70.3,4.5
DRV00530,Jatin Saxena,8300718391,AMD,2026-02-19,DK3606986574,VEH00530,,4.83,261,1,Verified,40.9,93.8,6.5
DRV00531,Nisha Vohra,2145028821,KOL,2024-05-25,IZ0323451000,VEH00531,,4.23,830,1,Verified,42.7,94.5,9.1
DRV00532,Ijaya Sinha,0868109624,PUNE,2021-03-22,HF7389750342,VEH00532,,4.4,630,1,Verified,25.5,96.9,2.5
DRV00533,Alexander Borah,6883483840,CHN,2023-05-11,XB6951799689,VEH00533,,4.74,349,1,Verified,75.8,73.9,12.9
DRV00534,Sanaya Balakrishnan,9074144948,AMD,2022-11-24,KS1397054826,VEH00534,,4.47,633,1,Verified,39.7,85.8,9.5
DRV00535,Pooja Gupta,9867152899,HYD,2026-05-01,ON6520797644,VEH00535,,4.53,403,1,Verified,44.4,82.9,5.4
DRV00536,Jason Pillai,5813350828,AMD,2022-05-29,AM4707748811,VEH00536,,4.44,1307,1,Pending,27.2,85.9,14.0
DRV00537,Upkaar Kata,4753542625,DEL,2024-01-10,CW3180415824,VEH00537,,4.76,651,1,Verified,50.7,78.2,2.4
DRV00538,Ubika Anand,5299255431,BLR,2023-03-28,SQ0405038825,VEH00538,,3.74,1717,1,Verified,38.1,80.0,0.6
DRV00539,Vanya Bhalla,2239258568,CHN,2025-06-29,VC1171157282,VEH00539,,4.44,394,1,Verified,39.6,90.3,7.3
DRV00540,Vedhika Sampath,4540136410,MUM,2025-06-15,ME9933522070,VEH00540,,4.73,773,1,Verified,80.0,96.4,14.5
DRV00541,Girish Khurana,0851612138,DEL,2021-11-17,JA4255885871,VEH00541,,4.17,113,1,Verified,46.1,72.9,4.1
DRV00542,Aadhya Mody,7186480771,PUNE,2024-09-09,ZK5688985748,VEH00542,,4.35,335,1,Verified,68.4,98.0,2.3
DRV00543,Chanakya Dixit,2023385705,LKO,2022-06-01,LV2140477067,VEH00543,,3.73,1064,1,Pending,34.7,90.9,2.4
DRV00544,Devansh Badal,3370629651,CHN,2025-04-30,MH8558682216,VEH00544,,4.63,773,0,Pending,32.6,71.2,14.7
DRV00545,Alexander Mukherjee,8862062678,KOL,2023-09-03,VS0208127631,VEH00545,,4.15,262,1,Verified,21.4,92.1,11.3
DRV00546,Manthan Bhagat,6720705893,PUNE,2020-11-19,FJ7947406735,VEH00546,,4.51,656,1,Verified,52.3,74.7,4.0
DRV00547,Divya Gill,1811153556,CHN,2024-05-14,GV5327327492,VEH00547,,4.3,146,1,Verified,67.4,85.8,12.6
DRV00548,Isha Murty,2513698063,LKO,2024-08-04,LX5724763525,VEH00548,,4.27,613,0,Pending,29.1,70.6,7.9
DRV00549,Yashvi Krishnan,0868374746,AMD,2024-09-02,EV0935846031,VEH00549,,4.8,291,1,Pending,37.5,73.0,1.0
DRV00550,Shaurya Gokhale,5643189630,DEL,2021-08-16,MK9128428447,VEH00550,,4.46,848,1,Verified,42.1,80.9,0.2
DRV00551,Vrinda Loyal,0696942048,KOL,2025-09-22,VT4608424187,VEH00551,,5.0,930,1,Verified,30.4,73.9,8.5
DRV00552,Urmi Puri,3711973144,DEL,2023-01-08,YN6798001133,VEH00552,,4.14,515,1,Verified,30.8,98.9,5.3
DRV00553,Janani Gaba,7118094785,JAI,2024-02-13,ZM8590138818,VEH00553,,4.38,278,1,Verified,24.2,91.6,3.5
DRV00554,Idika Toor,3293313102,MUM,2020-08-03,AF8112009090,VEH00554,,4.94,943,0,Verified,60.6,80.0,10.9
DRV00555,Farhan Batta,2910520238,DEL,2022-08-28,ET4720816966,VEH00555,,4.5,1353,1,Verified,36.6,72.4,0.0
DRV00556,Wriddhish Bains,6217772200,KOL,2021-12-27,GO2291494103,VEH00556,,3.77,1031,1,Pending,36.4,74.6,6.4
DRV00557,Nisha Thakkar,3291601969,PUNE,2022-07-20,DX7833096798,VEH00557,,4.9,697,1,,57.2,72.8,7.8
DRV00558,Tanveer Swaminathan,3672249415,CHN,2026-03-31,LO5817936072,VEH00558,,4.41,166,1,Verified,26.1,96.0,10.6
DRV00559,Dalbir Mitra,5609206569,JAI,2024-11-04,OZ6579377642,VEH00559,,4.38,507,1,Verified,51.6,93.3,8.0
DRV00560,Chanchal Pandit,5226307774,KOL,2025-04-22,UD7634129685,VEH00560,,4.14,234,1,Verified,33.1,87.6,0.5
DRV00561,Falak Rajagopal,7764839386,PUNE,2025-08-15,NX1380427472,VEH00561,USR002199,4.8,656,1,Verified,21.5,96.2,3.7
DRV00562,Robert Chanda,4982956430,PUNE,2022-08-30,BQ9449098836,VEH00562,,5.0,1337,1,Verified,36.0,90.5,6.8
DRV00563,Abhimanyu Shah,9740271074,DEL,2026-05-24,HZ2823295792,VEH00563,,4.15,314,0,Verified,48.9,88.9,6.2
DRV00564,Oliver Dhingra,2320018676,AMD,2023-09-08,GL6208042317,VEH00564,USR000900,4.67,634,1,Rejected,39.8,92.9,9.7
DRV00565,Reyansh Char,4273951025,KOL,2025-05-28,AR6340431668,VEH00565,,4.31,179,1,Verified,58.7,83.1,11.9
DRV00566,Sai Sethi,3476020409,MUM,2020-12-18,LI3864555266,VEH00566,,4.39,3372,0,Verified,44.7,88.0,0.5
DRV00567,Robert Anand,4006566977,DEL,2022-04-04,BU7538970923,VEH00567,,4.19,359,1,Verified,42.6,96.1,7.2
DRV00568,Megha Pau,9392335933,HYD,2026-05-30,QA2643860554,VEH00568,,4.26,904,1,Pending,30.4,77.2,11.2
DRV00569,Aachal Soni,1706320172,MUM,2025-08-21,UT2504638009,VEH00569,,3.78,825,0,Rejected,55.4,98.9,12.8
DRV00570,Ayushman Sur,9734052079,CHN,2025-05-18,EK4053691989,VEH00570,,4.14,963,1,Verified,20.7,97.5,0.3
DRV00571,Neel Bhalla,6891006439,DEL,2022-03-18,AU0065862110,VEH00571,,4.44,600,1,Verified,39.8,96.2,12.9
DRV00572,Samaksh Babu,2464551994,PUNE,2022-02-21,SL8995317968,VEH00572,,4.39,207,1,Verified,34.4,79.9,13.0
DRV00573,Odika Wable,2077985581,HYD,2024-10-21,FS6017323848,VEH00573,,4.13,1109,1,Verified,62.9,93.3,12.8
DRV00574,Faris More,4644397924,JAI,2021-06-19,IV5517385501,VEH00574,,4.43,796,1,Verified,51.5,90.2,7.1
DRV00575,Rayaan Sachar,7724365017,KOL,2021-09-12,UB5359377597,VEH00575,,4.72,368,0,Verified,37.5,89.9,6.1
DRV00576,Xavier Wason,1439378494,JAI,2026-04-26,ZJ8776072944,VEH00576,,4.07,328,0,Verified,49.7,90.1,4.2
DRV00577,Udant Dutta,8856122562,MUM,2022-08-31,CJ9435959672,VEH00577,,3.32,880,1,Verified,34.2,88.2,11.3
DRV00578,Bachittar Patel,4813611299,MUM,2022-09-03,FR9725537042,VEH00578,,4.0,481,0,Pending,49.2,88.7,4.5
DRV00579,Yashodhara Sangha,0450054710,HYD,2023-10-12,QF2714986944,VEH00579,,3.94,1409,0,Rejected,17.4,93.6,4.6
DRV00580,Samarth Sheth,0769245927,BLR,2023-10-12,XW9830973250,VEH00580,,4.02,491,0,Verified,42.9,82.0,13.0
DRV00581,Tejas Mann,0096085256,PUNE,2022-06-03,OM7823696228,VEH00581,,4.51,325,0,Verified,33.4,80.6,2.2
DRV00582,Isaac Bhatt,4201744529,AMD,2021-06-27,CI2755529856,VEH00582,,4.4,710,1,Verified,7.9,94.4,8.5
DRV00583,Ekiya Yadav,3032585240,DEL,2020-10-17,DD0124321535,VEH00583,,4.01,900,0,Verified,24.3,72.3,1.0
DRV00584,Meera Hora,9781116635,KOL,2024-05-16,ZL9478782854,VEH00584,,4.4,322,0,Verified,66.8,90.0,6.7
DRV00585,Pranav Merchant,1047551027,MUM,2024-02-19,BJ5426384337,VEH00585,,4.52,820,0,Verified,61.4,91.5,10.0
DRV00586,Maya Sengupta,0027768939,CHN,2021-06-21,XJ4067468192,VEH00586,,4.16,362,0,Verified,68.7,94.0,13.7
DRV00587,Chakradev Basak,1536890526,JAI,2021-09-25,OT8836411184,VEH00587,,4.06,598,1,Verified,51.7,73.8,10.3
DRV00588,Jacob Kapur,2202123720,PUNE,2022-08-19,RK6963563084,VEH00588,USR001050,4.36,848,1,Rejected,26.0,92.5,2.5
DRV00589,Gaurika Dara,6466586514,JAI,2026-01-16,FA1080809346,VEH00589,,4.13,580,1,Verified,52.2,75.2,3.3
DRV00590,Anirudh Nanda,1100077831,LKO,2022-10-12,EN5038709949,VEH00590,USR002873,4.26,825,1,Verified,24.5,98.9,10.2
DRV00591,Mohini Mukhopadhyay,6384134652,CHN,2020-10-05,MF1456615944,VEH00591,,4.36,799,1,Verified,24.6,77.8,5.6
DRV00592,Upma Sinha,7931939875,MUM,2021-05-12,HZ0750072568,VEH00592,,4.35,769,1,Verified,56.6,79.0,4.3
DRV00593,Leela Atwal,0536623025,JAI,2021-02-10,VU1246841595,VEH00593,,3.66,329,1,Verified,38.5,77.0,14.0
DRV00594,Dayita Buch,0284203538,HYD,2022-05-17,SI7404934505,VEH00594,,4.42,1128,1,Verified,38.2,88.2,2.2
DRV00595,Suhani Chadha,1312487762,BLR,2020-07-15,AD6091225642,VEH00595,,4.19,332,1,Verified,33.1,83.4,7.2
DRV00596,Isaiah Roy,8536988164,BLR,2026-02-24,ZA1038712311,VEH00596,USR001003,4.61,676,1,Verified,29.9,82.4,2.7
DRV00597,Yashasvi Manda,7895676836,HYD,2022-11-17,UN8270736319,VEH00597,,4.2,480,1,Verified,63.1,86.6,11.3
DRV00598,Harita Vasa,2131166946,DEL,2025-12-29,YL7189251244,VEH00598,USR001965,5.0,153,1,Verified,33.0,79.4,1.5
DRV00599,Samaksh Barad,1900660604,MUM,2022-08-25,BX5764416850,VEH00599,,4.26,1663,1,Verified,27.6,74.6,13.2
DRV00600,Riya Roy,1300352108,PUNE,2022-03-27,WZ8633677370,VEH00600,,4.55,504,1,Verified,44.4,83.7,6.8
DRV00601,Upkaar Palan,1215369376,CHN,2023-10-24,QR4786169427,VEH00601,,3.74,881,1,Verified,37.4,80.6,14.6
DRV00602,Januja Goda,0297157785,LKO,2022-04-06,QS3686142733,VEH00602,,3.89,1650,1,Verified,45.1,98.0,13.2
DRV00603,Dominic Salvi,1455309896,CHN,2026-05-18,YN2938335994,VEH00603,,4.34,499,1,Verified,12.6,76.8,2.4
DRV00604,Indrajit Gala,3004043018,CHN,2023-01-07,JU9142039786,VEH00604,,4.55,512,1,Verified,37.7,85.1,4.3
DRV00605,Janaki Lala,5663147575,LKO,2020-12-23,ZF8353427169,VEH00605,,3.62,1013,1,Verified,46.7,91.4,3.5
DRV00606,Gavin Ratta,5123788253,PUNE,2024-08-31,BI3603505001,VEH00606,,4.35,768,1,Verified,42.3,92.3,5.2
DRV00607,Tanmayi Tara,2493756654,PUNE,2025-03-14,HH7206261938,VEH00607,,4.36,1165,1,,29.2,91.6,13.7
DRV00608,Gunbir Nath,7831798742,DEL,2021-08-28,YN2783347266,VEH00608,,3.7,412,1,Verified,60.4,91.7,7.9
DRV00609,Yauvani Chaudhuri,6393537044,BLR,2024-03-05,EC9407744136,VEH00609,,4.99,994,1,Verified,40.8,83.3,1.7
DRV00610,Hredhaan Karnik,6264231788,DEL,2023-09-10,DM3760590154,VEH00610,,4.55,509,1,Verified,56.6,86.3,14.7
DRV00611,Zashil Modi,0702545077,KOL,2026-06-14,HV8945549879,VEH00611,,5.0,1405,1,Verified,45.1,98.4,3.5
DRV00612,Fitan Chaudhuri,8671200720,KOL,2023-06-17,GA7987671319,VEH00612,USR000755,5.0,405,1,Verified,44.2,82.3,8.4
DRV00613,Abhimanyu Tank,7804851750,LKO,2024-11-02,CR4355255347,VEH00613,,3.79,752,1,Pending,40.1,94.2,6.7
DRV00614,Udant Lanka,2657891832,LKO,2022-07-16,AT9742940666,VEH00614,,4.39,235,1,Verified,57.7,86.1,11.6
DRV00615,Leela Yohannan,5706071748,MUM,2023-03-05,BQ5825467159,VEH00615,USR000719,4.26,449,1,Verified,60.4,79.3,12.7
DRV00616,Odika Singh,1004255784,MUM,2026-03-06,CR4162571076,VEH00616,,3.79,885,1,Verified,63.7,79.7,7.7
DRV00617,Zayan Mutti,6966606518,KOL,2021-04-07,WC0299502275,VEH00617,,4.32,673,1,Verified,39.3,80.7,13.7
DRV00618,Rajata Sandhu,0803877677,CHN,2024-08-18,HS4840289846,VEH00618,,5.0,1124,1,Verified,38.9,92.3,4.1
DRV00619,Noah Wable,2895627154,AMD,2024-06-29,FG6281080342,VEH00619,,3.68,905,1,,61.5,86.8,9.2
DRV00620,Priya Dey,0387645498,MUM,2024-08-23,WJ4868569782,VEH00620,,3.03,517,1,Pending,53.6,70.9,11.8
DRV00621,Alexander Jain,9267313466,AMD,2020-10-22,PX8243025846,VEH00621,,4.06,361,1,Verified,51.7,97.9,13.8
DRV00622,Rudra Ganesan,4651356396,CHN,2022-01-13,PZ3508533700,VEH00622,,4.48,740,1,Verified,44.6,76.1,1.1
DRV00623,Saumya Ahuja,1702471237,BLR,2023-07-26,YP3241371982,VEH00623,,3.85,516,1,Verified,36.8,87.5,2.0
DRV00624,Kamya Saha,3577778592,KOL,2021-05-12,DA5316905946,VEH00624,USR002246,4.51,1110,1,Verified,39.6,84.8,13.8
DRV00625,Leela Grewal,3226406029,PUNE,2023-07-12,EV2782001036,VEH00625,,4.16,1027,1,Verified,54.4,71.4,14.2
DRV00626,Triya Madan,9830878847,PUNE,2021-12-25,GC4652973368,VEH00626,USR002181,4.39,208,1,Verified,56.0,84.7,7.4
DRV00627,Irya Varghese,1449922235,JAI,2022-05-01,AF1992935852,VEH00627,,4.1,282,1,Verified,45.3,76.5,3.5
DRV00628,Wahab Kapoor,8125980942,PUNE,2022-07-07,KJ3253443579,VEH00628,,4.02,235,1,Verified,66.7,86.3,7.2
DRV00629,Ati Parikh,3569990885,AMD,2024-12-08,VF4600117696,VEH00629,,4.25,1159,0,Verified,32.1,81.7,5.4
DRV00630,Jacob Ahluwalia,4086153904,AMD,2023-05-30,SF1945327453,VEH00630,,4.72,1436,0,Verified,54.2,86.4,4.5
DRV00631,Siya Chawla,2859280288,KOL,2022-03-17,FU8388644333,VEH00631,,4.89,889,1,Verified,28.9,94.3,0.0
DRV00632,Zayan Bajwa,7037332798,AMD,2025-01-12,UM5045490465,VEH00632,,5.0,514,1,Verified,58.5,77.3,0.5
DRV00633,Ekalinga Kota,5425632674,JAI,2023-08-26,AU1963549199,VEH00633,,4.84,790,1,Verified,29.6,92.8,4.3
DRV00634,Daniel Luthra,7796319946,LKO,2023-11-04,SX3595119273,VEH00634,USR002180,4.21,551,1,Verified,24.1,72.2,14.5
DRV00635,Simon Randhawa,8571577110,MUM,2021-06-30,LE1704932901,VEH00635,,4.24,691,1,Verified,27.0,85.9,11.0
DRV00636,Ridhi Hayre,7895392315,MUM,2023-11-10,YV9039172214,VEH00636,,4.13,310,1,Verified,54.2,97.5,6.6
DRV00637,Vasana Sule,6854423006,MUM,2024-12-11,QF6242649588,VEH00637,,4.54,627,1,Verified,55.0,95.7,6.3
DRV00638,Peter Prabhakar,4996415922,KOL,2026-01-08,TR6055151030,VEH00638,,3.91,891,1,Verified,47.2,89.8,6.2
DRV00639,Falan Sarma,3806173203,JAI,2026-04-05,ON6839002833,VEH00639,,5.0,590,1,Verified,39.8,84.1,13.5
DRV00640,Ishita Tara,7632724680,MUM,2025-01-18,VN4328361858,VEH00640,,4.94,232,0,,25.7,89.3,13.4
DRV00641,Manya Sarin,0036209360,HYD,2025-04-07,PP5216904589,VEH00641,,4.1,810,1,Verified,47.1,71.6,3.8
DRV00642,Yashodhara Nair,6350921826,BLR,2022-02-10,BI7743220062,VEH00642,,3.88,1235,1,Verified,46.8,71.3,6.6
DRV00643,Manthan Padmanabhan,0276571599,CHN,2020-10-16,FP6818494548,VEH00643,,4.1,836,1,Verified,52.8,90.8,1.9
DRV00644,Oeshi Tara,2886665872,BLR,2024-09-22,MY2127203628,VEH00644,,4.31,806,1,Verified,59.2,76.3,1.3
DRV00645,Ishita Lal,5744400986,JAI,2023-06-24,GD0716839882,VEH00645,,4.42,1586,1,Verified,62.2,72.0,4.3
DRV00646,Sai Halder,9986658060,LKO,2021-04-19,EN3017594946,VEH00646,,4.32,267,1,Verified,61.0,76.7,6.5
DRV00647,Qadim Chad,7624131452,PUNE,2022-11-12,OX3966705237,VEH00647,,5.0,654,0,Verified,59.8,90.7,12.2
DRV00648,Ijaya Dass,7353852672,DEL,2025-05-31,WV5554939059,VEH00648,,4.15,708,1,Verified,47.2,74.9,0.3
DRV00649,Yashodhara Krishnamurthy,8975912764,AMD,2021-08-27,FT0344436779,VEH00649,,4.47,614,1,Pending,68.3,85.8,9.9
DRV00650,Qarin Dhar,6540665582,JAI,2022-12-31,UG3788687353,VEH00650,,4.14,1179,1,Verified,28.6,98.5,11.8
DRV00651,Vivaan Buch,8785458788,LKO,2026-06-09,KG9858991773,VEH00651,,5.0,367,1,Verified,49.6,70.7,1.3
DRV00652,Varenya Subramanian,8579865898,CHN,2025-03-03,UH4100189431,VEH00652,,4.86,1381,1,Verified,66.3,86.4,6.0
DRV00653,Nathan Lal,1840952928,MUM,2024-11-25,WX6436152854,VEH00653,,4.47,984,1,Verified,59.7,76.2,1.2
DRV00654,Dayita Thakur,5364022352,DEL,2024-07-31,CT2225894726,VEH00654,,4.2,1228,1,Rejected,35.4,92.8,10.7
DRV00655,Lavanya Yogi,7043777990,AMD,2021-11-30,SN6437714914,VEH00655,,3.92,1006,1,Pending,23.8,86.8,13.6
DRV00656,Jackson Bahl,4274141517,HYD,2024-03-31,ZZ6655160956,VEH00656,,4.9,105,1,Verified,52.8,84.4,13.4
DRV00657,Sarthak Viswanathan,1099903036,MUM,2026-03-16,JK6334573604,VEH00657,,4.37,339,0,Verified,53.6,85.0,2.7
DRV00658,Zansi Radhakrishnan,4695678691,CHN,2022-09-03,OH0141187517,VEH00658,,4.02,467,1,Rejected,21.6,96.5,12.5
DRV00659,Zinal Koshy,9808704059,DEL,2020-08-04,EO5024386450,VEH00659,,4.72,1104,0,Verified,29.3,95.2,11.1
DRV00660,Sara Sibal,4038668038,JAI,2023-05-17,SB2132620270,VEH00660,,4.32,657,1,Verified,54.4,82.1,8.7
DRV00661,Om Magar,4878425604,PUNE,2023-11-05,VL6199443362,VEH00661,,4.61,771,0,Verified,49.2,80.6,2.0
DRV00662,Harinakshi Madan,3238188013,DEL,2025-07-08,DL6763982757,VEH00662,,4.7,471,1,Pending,25.1,84.8,5.5
DRV00663,Udarsh Oza,4552427181,AMD,2025-11-12,BH8315542831,VEH00663,,4.55,1200,1,Verified,23.2,92.6,1.4
DRV00664,Bakhshi Dyal,7944342776,BLR,2021-08-20,HR6144600161,VEH00664,,4.34,465,1,Verified,51.2,89.7,3.2
DRV00665,Gaurangi Gole,3676865798,DEL,2022-07-31,XX2850053642,VEH00665,,4.13,2075,1,Rejected,53.7,83.1,0.3
DRV00666,Ronith Goswami,0851274983,KOL,2022-03-22,OQ6250481604,VEH00666,,4.55,110,1,Verified,38.7,89.3,6.1
DRV00667,Yuvraj Lanka,8421702851,LKO,2026-05-17,RU5889368988,VEH00667,USR000877,3.99,612,1,,45.6,92.7,14.4
DRV00668,Jeevika Ravi,9768201903,MUM,2025-08-13,YO2408136917,VEH00668,,4.1,530,1,Verified,60.5,88.1,13.0
DRV00669,Gautami Bhatia,6024760517,PUNE,2024-03-18,WR1893846747,VEH00669,,4.6,1195,1,Verified,59.4,92.7,12.4
DRV00670,Triveni Varty,8828568968,HYD,2020-07-01,ZS5402601534,VEH00670,,4.21,726,1,Verified,56.2,85.9,4.5
DRV00671,Ubika Maharaj,3128006135,LKO,2021-10-31,YL8770012096,VEH00671,,4.01,461,1,Verified,44.2,81.1,12.9
DRV00672,Rachita Lal,7367453604,AMD,2021-03-04,AF7986498667,VEH00672,,3.48,797,1,Pending,24.4,82.1,5.8
DRV00673,Yamini Saini,5289732192,HYD,2025-09-06,IG2093392856,VEH00673,,5.0,376,1,Verified,36.4,71.6,4.8
DRV00674,Ekantika Magar,3169413044,LKO,2024-09-11,IF4085201651,VEH00674,,3.68,707,0,Rejected,40.0,77.1,11.4
DRV00675,Xiti Thakkar,2691365881,KOL,2022-12-06,KY8560730475,VEH00675,,4.23,758,1,Verified,42.5,74.0,11.9
DRV00676,Gaurav Tank,4208223465,HYD,2020-06-04,NU3022549698,VEH00676,,4.23,542,0,Verified,71.9,74.0,7.1
DRV00677,Mitesh Talwar,9741022712,HYD,2020-11-29,GF3786835875,VEH00677,,2.99,313,1,Pending,23.1,91.3,8.3
DRV00678,Tamanna Bhargava,1687920874,BLR,2025-08-30,VM6623295874,VEH00678,,4.32,1282,0,Verified,40.2,74.8,14.2
DRV00679,Ekansh Baral,3253095246,MUM,2022-07-06,SY5814815619,VEH00679,,5.0,596,0,Verified,48.5,70.7,4.2
DRV00680,Pushti Soman,5816293048,JAI,2024-09-11,AW0296497585,VEH00680,,4.78,361,1,,65.5,79.1,2.4
DRV00681,Girindra Ranganathan,0288285167,JAI,2021-05-17,DA4928658414,VEH00681,,4.76,784,1,Verified,26.7,96.5,7.5
DRV00682,Nitara Hayer,8586841519,MUM,2021-01-09,NY4847810929,VEH00682,,3.99,819,1,Verified,47.8,70.2,14.0
DRV00683,Wriddhish Dugal,5853403922,JAI,2022-10-03,FS7073319876,VEH00683,,4.6,979,0,Verified,31.0,84.9,9.4
DRV00684,Luke Sahni,3977403422,MUM,2022-09-27,XW3289078919,VEH00684,,4.28,229,1,Verified,41.5,82.4,9.3
DRV00685,Urvashi Khalsa,7929870525,JAI,2024-05-14,UB4827813432,VEH00685,,4.49,1955,1,Verified,50.8,96.9,3.5
DRV00686,Vihaan Puri,7740809064,MUM,2021-06-03,FB9416463330,VEH00686,,4.49,1034,1,Verified,66.7,86.9,4.5
DRV00687,Charles Banerjee,2224472410,LKO,2024-03-03,OU3098529789,VEH00687,,4.23,430,1,,39.5,95.3,3.5
DRV00688,Ubika Chopra,6320805746,MUM,2022-10-25,YA6455124085,VEH00688,,4.1,611,1,Verified,32.3,85.4,2.7
DRV00689,Omaja Dewan,6520207471,HYD,2021-04-23,AH8716397648,VEH00689,,4.07,791,1,Verified,31.3,95.2,12.1
DRV00690,Pushti Dada,0568208082,BLR,2025-03-31,PV2763505476,VEH00690,USR002789,4.05,875,1,Verified,57.0,85.4,1.9
DRV00691,Yachana Vohra,4436186953,CHN,2021-12-02,MM2394649059,VEH00691,,5.0,1248,1,Verified,50.3,93.7,4.5
DRV00692,Atharv Biswas,3435293028,MUM,2022-03-27,MS1758058290,VEH00692,,4.28,434,1,Verified,51.9,77.7,4.1
DRV00693,Fitan Palla,3359410148,LKO,2024-01-27,GV0078392515,VEH00693,,4.28,1265,1,Verified,61.7,70.0,14.2
DRV00694,Jason Mangal,3326145430,JAI,2024-06-01,UB7501227190,VEH00694,USR000946,4.75,795,1,Verified,18.0,72.5,6.1
DRV00695,Leela Bhatia,9071881032,PUNE,2021-04-21,EY8262636708,VEH00695,,3.68,502,1,Verified,46.1,77.2,12.2
DRV00696,Avi Khare,3668109522,PUNE,2024-07-13,NX2355623452,VEH00696,,4.01,697,0,Verified,80.0,74.5,0.1
DRV00697,Chandran Gulati,1585842033,DEL,2026-06-15,KE7351243185,VEH00697,,4.38,760,1,Pending,40.6,92.3,12.7
DRV00698,Matthew Amble,4595189072,MUM,2022-10-18,IX0785073222,VEH00698,,4.97,1704,1,Pending,20.8,93.9,5.8
DRV00699,Ekiya Narasimhan,2084959970,KOL,2021-09-28,SY9259424377,VEH00699,,4.25,677,1,Verified,68.1,97.1,7.9
DRV00700,Widisha Ahluwalia,4944885623,CHN,2024-10-19,IL7104473478,VEH00700,,4.23,987,1,Verified,56.2,83.9,14.3
DRV00701,Fariq Walia,9489695289,HYD,2023-04-29,NG0943617076,VEH00701,,4.0,1283,1,Verified,65.1,77.8,3.2
DRV00702,Urvi Samra,3019001847,MUM,2021-03-06,SI9084721772,VEH00702,,4.05,465,1,Verified,42.0,75.6,6.4
DRV00703,Eta Rastogi,0077200449,DEL,2021-03-28,QF6499711328,VEH00703,,4.03,290,1,Verified,32.2,85.5,0.2
DRV00704,Harsh Bajwa,9890572179,JAI,2023-06-26,YV4473943641,VEH00704,,4.39,367,1,Pending,67.4,94.1,4.7
DRV00705,Chandani Toor,8795660664,KOL,2025-01-01,EW1894561206,VEH00705,,4.93,509,1,Rejected,47.9,93.2,2.4
DRV00706,Ishita Nagarajan,8483852045,AMD,2024-04-03,UP6620450682,VEH00706,,5.0,329,1,Verified,34.2,86.0,5.3
DRV00707,Mekhala Sathe,4813546935,MUM,2022-10-04,XD9741390412,VEH00707,,4.19,430,1,Verified,51.8,91.6,10.7
DRV00708,Lohit Mander,7819754373,MUM,2021-06-02,DF4741853673,VEH00708,USR000779,4.04,911,1,Verified,48.3,97.0,6.7
DRV00709,Jhalak Dora,5627749148,BLR,2020-12-05,KP3381584588,VEH00709,,4.27,701,0,Rejected,33.8,88.8,12.5
DRV00710,Inaya Vyas,0644366159,MUM,2022-12-02,JP8414374468,VEH00710,,3.93,694,0,Verified,41.6,80.5,14.8
DRV00711,Harrison Nagi,1872843430,PUNE,2024-06-29,UN6345245495,VEH00711,,4.08,1296,1,Verified,31.9,96.8,14.0
DRV00712,Daniel Patil,7327623155,PUNE,2024-07-10,CO7778263091,VEH00712,,3.81,130,1,Pending,39.1,72.3,2.4
DRV00713,Yashawini Parikh,3793114718,BLR,2023-08-13,PX2845679953,VEH00713,,4.86,400,1,Verified,33.2,97.0,2.9
DRV00714,Libni Thakkar,1958764926,HYD,2024-09-21,TR4074213575,VEH00714,,3.88,746,1,Pending,48.4,96.0,2.5
DRV00715,Gunbir De,4300390470,DEL,2020-12-25,ED6988320351,VEH00715,,4.52,1502,0,Verified,64.7,97.8,11.6
DRV00716,Krishna Dash,4943862419,AMD,2025-05-01,XX2085774078,VEH00716,,5.0,60,1,Verified,41.1,72.4,6.1
DRV00717,Balendra Hora,1985776360,KOL,2021-09-26,FY8463613532,VEH00717,,5.0,306,1,Pending,45.5,72.6,0.7
DRV00718,Ojas Tank,4277258811,DEL,2021-09-28,IA0478554442,VEH00718,,4.16,957,1,Verified,51.7,86.5,2.4
DRV00719,Abha Andra,6789008662,PUNE,2021-01-21,VU8187896602,VEH00719,,4.16,428,0,Verified,24.9,85.2,14.6
DRV00720,Gagan Puri,0330214870,KOL,2021-08-25,OL3053566147,VEH00720,,4.26,324,0,Verified,49.8,77.4,13.5
DRV00721,Osha Seshadri,4104649436,JAI,2023-12-18,LA7178507306,VEH00721,,4.55,817,1,Verified,37.0,90.7,7.8
DRV00722,Banjeet Varty,0384910225,AMD,2021-11-22,SE1832507198,VEH00722,,4.8,317,0,Verified,65.9,95.7,7.7
DRV00723,Harinakshi Balasubramanian,5878766901,PUNE,2021-03-07,GJ4708018752,VEH00723,,4.66,482,0,Verified,51.7,87.0,3.4
DRV00724,Lakshit Saha,7114990120,DEL,2026-03-10,UP2323336395,VEH00724,,4.75,1336,1,Verified,65.7,92.5,5.5
DRV00725,Bhavya Narula,8396838252,HYD,2026-01-04,IR7623328621,VEH00725,USR002656,4.31,714,1,Verified,37.2,77.6,6.9
DRV00726,Gautam Dugar,9256333430,PUNE,2020-11-19,AA5783933887,VEH00726,,4.23,495,1,Pending,21.3,74.3,5.1
DRV00727,Shivansh Apte,7491746558,HYD,2020-08-04,NS5140315935,VEH00727,,4.87,520,1,Verified,51.4,93.1,14.9
DRV00728,Dipta Kannan,6898118711,DEL,2023-08-13,DI1269856039,VEH00728,,4.12,443,1,Verified,25.5,92.2,4.9
DRV00729,Amruta Vig,5249447443,LKO,2022-08-26,FU3039406714,VEH00729,,3.9,781,1,Verified,40.1,76.0,6.8
DRV00730,Ira Varma,2749665294,HYD,2021-02-25,VY7066054314,VEH00730,USR001984,4.29,1282,1,Pending,42.6,91.3,6.0
DRV00731,Osha Deo,7208896030,HYD,2022-11-04,PG6866853541,VEH00731,,3.69,580,1,Verified,26.0,97.5,9.2
DRV00732,Harish Rajan,7131696285,CHN,2022-12-14,CO8522658880,VEH00732,,4.25,1304,1,Verified,65.7,84.0,8.7
DRV00733,Fitan Tailor,0333865757,KOL,2020-09-03,UR5369142296,VEH00733,,4.54,1197,1,Verified,68.2,80.4,1.9
DRV00734,Qasim Mand,3377848094,BLR,2023-04-23,QN2714765273,VEH00734,,4.46,1074,1,Verified,37.1,87.1,9.5
DRV00735,Raksha Char,6760748036,CHN,2023-02-10,AF2814013964,VEH00735,,4.02,1006,1,Verified,73.8,70.7,6.6
DRV00736,Bakhshi Sankaran,4893920687,JAI,2021-12-07,ZO8556125672,VEH00736,,4.09,658,1,Verified,59.4,96.7,10.6
DRV00737,Faqid Lalla,3649631885,BLR,2021-04-25,QO0577771065,VEH00737,,4.44,749,1,Verified,40.3,72.5,11.9
DRV00738,Siya Nagar,0544453435,HYD,2022-02-08,PY4136519456,VEH00738,,4.23,667,1,Pending,68.8,74.6,1.7
DRV00739,Yadavi Mander,2391155408,DEL,2025-04-20,OF7580473918,VEH00739,,4.48,709,1,Verified,32.4,79.3,9.3
DRV00740,Nakul Pai,8735985522,CHN,2022-05-19,RO2375336445,VEH00740,,4.58,466,1,Verified,59.9,76.7,9.0
DRV00741,Pavani Chad,2422516809,JAI,2021-09-21,VE5429802332,VEH00741,,4.05,685,1,Verified,46.7,96.8,1.9
DRV00742,Jagdish Edwin,3478564326,PUNE,2026-04-08,XQ9663757972,VEH00742,,4.46,592,1,Verified,40.9,94.3,7.7
DRV00743,Sneha Sachdev,1969640295,LKO,2024-09-12,NP9621208307,VEH00743,,4.85,2016,1,Verified,59.8,90.6,10.0
DRV00744,Krisha Ganesh,6393240754,PUNE,2026-04-16,VZ4080948980,VEH00744,,4.57,344,1,Verified,41.0,88.0,4.9
DRV00745,Pooja Swaminathan,9599571947,AMD,2022-10-18,SL0378752813,VEH00745,USR002796,4.06,955,1,Verified,23.4,96.5,10.8
DRV00746,Fitan Handa,4447674597,BLR,2025-08-20,QF0406049574,VEH00746,,4.26,729,1,Verified,80.0,72.0,6.3
DRV00747,Mugdha Sabharwal,3343864699,HYD,2026-07-02,II3382864831,VEH00747,,5.0,723,1,Pending,53.5,80.9,13.3
DRV00748,Arin Basu,1544741968,PUNE,2024-09-04,QW5037059909,VEH00748,,4.35,250,1,Verified,37.5,96.5,12.1
DRV00749,William Brahmbhatt,8981433540,HYD,2023-05-26,EA6354187644,VEH00749,,4.83,1273,0,Pending,46.5,97.1,1.7
DRV00750,Sai Palla,3144702283,MUM,2025-09-06,ND5630999893,VEH00750,,4.02,658,1,Verified,51.4,76.5,10.5
DRV00751,Ishani Majumdar,5405408755,KOL,2023-12-11,JL7649348544,VEH00751,,4.05,566,1,Verified,48.8,75.1,12.9
DRV00752,Hemani Bains,9636713170,BLR,2024-10-31,AL5474443665,VEH00752,,4.27,388,1,Verified,24.0,84.2,12.3
DRV00753,Zilmil Nadkarni,6759106783,HYD,2023-03-16,LT6849275810,VEH00753,,4.61,492,1,Verified,39.4,96.7,4.8
DRV00754,Arin Batta,7235304251,CHN,2023-04-14,HV9756236403,VEH00754,,4.19,259,1,Verified,38.9,79.5,6.8
DRV00755,Vidhi Saxena,5762726905,LKO,2020-12-04,WG2875958286,VEH00755,,5.0,492,1,,29.4,80.8,1.4
DRV00756,Pushti Lal,9354086506,JAI,2023-06-21,XA1047299777,VEH00756,,4.23,1100,0,Verified,57.9,90.4,12.2
DRV00757,Praneel Yohannan,9376207897,HYD,2020-06-17,HU0086263729,VEH00757,,4.16,187,1,Pending,41.8,89.4,7.2
DRV00758,Chatura Shere,0804085604,HYD,2020-08-19,UO9288717913,VEH00758,,4.76,894,0,Verified,38.2,96.4,12.6
DRV00759,Samar Narain,1146242805,AMD,2024-03-05,CF0769041838,VEH00759,,3.98,286,0,Verified,54.4,77.4,7.0
DRV00760,Jagat Gokhale,4170888423,CHN,2024-02-25,CH4434623402,VEH00760,,4.52,1269,0,Verified,48.8,80.0,14.3
DRV00761,Jhalak Kant,7977186861,LKO,2021-01-01,IJ1512018738,VEH00761,,4.48,78,1,Verified,58.4,90.9,13.9
DRV00762,Rachit Sarraf,4306150584,PUNE,2026-01-16,NM8982493526,VEH00762,,4.47,510,1,Pending,66.8,97.4,11.3
DRV00763,Max Saini,4618346779,DEL,2022-02-21,RR9625518268,VEH00763,,4.24,770,1,Verified,24.9,78.8,8.4
DRV00764,Ijaya Sami,5353399824,MUM,2025-09-18,FI5005815088,VEH00764,USR001276,4.77,1586,0,Verified,41.0,72.5,12.2
DRV00765,Devansh Narain,4891079908,AMD,2023-01-04,BW1682323539,VEH00765,,4.03,803,1,Verified,27.8,76.5,10.3
DRV00766,Dalaja Divan,5505669563,DEL,2022-07-30,JG0985434686,VEH00766,,4.33,752,1,Verified,48.1,96.4,9.2
DRV00767,Watika Warrior,6319372712,CHN,2026-01-14,YZ6065187574,VEH00767,,4.07,725,1,Verified,26.8,84.5,5.2
DRV00768,Jeremiah Doshi,9491943733,DEL,2022-11-23,XS8896769195,VEH00768,USR002967,4.05,50,1,Verified,25.3,90.6,3.4
DRV00769,Hemangini Sunder,0132928446,HYD,2022-06-24,HK2487958935,VEH00769,,4.49,508,1,Verified,22.0,70.9,9.9
DRV00770,Advika Tata,8986811440,BLR,2021-02-10,HD9136783485,VEH00770,,3.98,313,1,Verified,38.0,88.9,0.2
DRV00771,Harish Raman,1825098156,CHN,2024-11-11,EY1944832568,VEH00771,,4.24,821,1,Verified,24.6,82.8,4.6
DRV00772,Chatura Bhardwaj,2151796879,MUM,2023-09-16,PU5121683883,VEH00772,,3.87,430,0,Verified,60.9,75.4,4.1
DRV00773,Bhavani Bera,1892742694,HYD,2025-08-05,TO0026590970,VEH00773,,5.0,151,0,Verified,17.9,73.8,8.2
DRV00774,Nirja Narula,2233189105,PUNE,2025-10-04,LF9855245786,VEH00774,,4.4,946,1,Verified,49.6,80.6,0.8
DRV00775,Vincent Mandal,5157916115,KOL,2025-04-27,RO1399459565,VEH00775,,4.31,913,1,Verified,33.0,91.9,8.2
DRV00776,Damini Varkey,3089747667,PUNE,2025-10-06,PD9204911508,VEH00776,,4.49,1431,1,Verified,56.6,81.0,4.5
DRV00777,Eshana Thaker,7693931990,PUNE,2020-12-27,VS8220491671,VEH00777,,4.62,1084,0,Verified,30.2,96.7,9.9
DRV00778,Nitesh Shan,3772287632,DEL,2021-11-11,RY8641228289,VEH00778,,4.48,521,0,Verified,40.0,79.0,14.0
DRV00779,Sanya Lad,1764442372,PUNE,2025-04-27,ZM1229264434,VEH00779,,4.27,2107,1,Verified,75.0,98.1,0.0
DRV00780,Neel Badami,9566275979,DEL,2020-10-09,BP8045717618,VEH00780,,4.58,1115,1,Verified,5.6,76.4,0.6
DRV00781,Qasim Venkataraman,2962659620,MUM,2023-12-17,TK9496423466,VEH00781,,4.41,477,1,Verified,54.2,78.2,2.5
DRV00782,Upadhriti Sen,3815221476,BLR,2024-10-02,YH4953491950,VEH00782,,4.85,321,1,Verified,25.7,85.8,12.2
DRV00783,Zehaan Grover,4657627246,HYD,2025-07-21,YR6642243407,VEH00783,,4.0,243,1,Verified,34.8,94.4,6.9
DRV00784,Keya Goel,2161121313,KOL,2025-09-19,JM3295419643,VEH00784,,4.09,901,1,Verified,20.1,84.9,11.1
DRV00785,Fitan Chana,9674419626,KOL,2022-09-05,CD3472127563,VEH00785,,3.87,273,1,Verified,38.5,74.1,1.0
DRV00786,Ganga Tella,2149896477,MUM,2026-03-03,YS8299159892,VEH00786,,4.66,579,1,Verified,42.5,70.1,8.3
DRV00787,Lakshit Gala,7193289759,BLR,2024-01-07,SH6758518065,VEH00787,,4.02,233,1,Verified,41.6,91.0,0.6
DRV00788,Bahadurjit Karan,6301068385,KOL,2021-01-17,QD4025502702,VEH00788,,5.0,345,1,Verified,16.0,73.7,6.0
DRV00789,Dhriti Balan,2590073971,LKO,2020-11-09,SW9396017116,VEH00789,USR001042,4.53,646,1,Verified,60.7,74.5,4.3
DRV00790,Yasti Grover,8317581741,CHN,2024-07-08,CW6378773645,VEH00790,,4.76,531,1,Verified,30.1,77.6,6.0
DRV00791,Triya Dube,0785974487,HYD,2020-07-22,VX4924605479,VEH00791,,4.12,768,1,Verified,41.6,95.6,12.4
DRV00792,Bhavini Naidu,0892548138,HYD,2020-12-31,TP6368248682,VEH00792,,4.07,324,1,Verified,32.0,77.8,10.8
DRV00793,Ansh Dora,2133327268,CHN,2026-01-27,TE3763967571,VEH00793,,4.24,509,1,Verified,39.6,82.6,6.4
DRV00794,Omaja Chandran,0205330861,JAI,2024-03-09,SH2085006729,VEH00794,,4.91,606,1,Pending,51.2,90.0,11.3
DRV00795,Ishita Lad,1528838008,PUNE,2021-12-22,EP0112791530,VEH00795,,3.77,1439,1,Pending,42.3,83.8,2.6
DRV00796,Gautam Dass,8664912115,DEL,2025-07-11,WM0655899119,VEH00796,,5.0,1372,1,Verified,33.0,79.1,9.5
DRV00797,Upkaar Date,1888991679,HYD,2024-03-26,BR0651782511,VEH00797,,4.69,1689,1,Verified,50.2,82.8,11.4
DRV00798,Ridhi Comar,6207880785,DEL,2022-12-18,DO0591852608,VEH00798,,5.0,555,1,Verified,50.6,81.8,11.6
DRV00799,Nathan Sachdeva,5033790294,KOL,2023-11-27,ZA3106592601,VEH00799,USR001893,4.26,484,1,Verified,38.4,95.1,4.3
DRV00800,Maya Sankaran,5171274820,LKO,2025-09-10,HY2542910795,VEH00800,,3.77,310,1,Verified,31.7,93.8,9.2
