vehicle_id,driver_id,vehicle_type,make,model,year,registration_number,fuel_type,insurance_expiry_date,last_service_date
VEH00001,DRV00001,Mini,Hyundai,Santro,2022,TS06GL7877,Diesel,2025-09-15,2026-05-25
VEH00002,DRV00002,Prime,Honda,City,2022,MH18ON3287,Petrol,2023-12-21,2025-06-09
VEH00003,DRV00003,XL,Mahindra,Marazzo,2026,KA20JF2174,CNG,2029-01-26,
VEH00004,DRV00004,Bike,Hero,Splendor,2018,DL15CP8096,CNG,2021-06-14,2020-11-21
VEH00005,DRV00005,Mini,Hyundai,Santro,2019,MH15HE9290,Diesel,2021-11-08,2026-04-13
VEH00006,DRV00006,XL,Toyota,Innova,2026,TS17MB0033,Petrol,2027-05-01,
VEH00007,DRV00007,Mini,Maruti Suzuki,WagonR,2021,TN13MH7579,Petrol,2024-02-01,2021-05-03
VEH00008,DRV00008,Bike,Hero,Splendor,2022,RJ14QF3470,Diesel,2025-02-18,2023-06-30
VEH00009,DRV00009,Prime,Hyundai,Verna,2020,GJ01FT7468,Petrol,2021-07-25,2022-04-27
VEH00010,DRV00010,Bike,Hero,Splendor,2015,UP06SB4538,Petrol,2016-11-17,2021-02-21
VEH00011,DRV00011,Mini,Hyundai,Santro,2017,RJ04GS1916,Petrol,2018-07-14,2017-10-13
VEH00012,DRV00012,Auto,Piaggio,Ape,2015,RJ20NN6100,Petrol,2016-11-18,2016-08-07
VEH00013,DRV00013,XL,Toyota,Innova,2022,GJ10AE0766,Petrol,2023-07-03,2023-04-03
VEH00014,DRV00014,Bike,TVS,Apache,2018,GJ12FT9345,Petrol,2019-10-15,2025-08-14
VEH00015,DRV00015,Mini,Hyundai,Santro,2017,KA05IP5061,CNG,2020-05-07,2020-05-23
VEH00016,DRV00016,Mini,Maruti Suzuki,WagonR,2026,WB07ZF1007,CNG,2028-11-12,
VEH00017,DRV00017,Mini,Maruti Suzuki,Alto,2015,DL17GM2837,Petrol,2018-05-07,2023-06-30
VEH00018,DRV00018,Auto,Piaggio,Ape,2024,WB06ZA2661,Diesel,2025-12-03,2025-06-27
VEH00019,DRV00019,Mini,Hyundai,Santro,2024,TN07TB3049,CNG,2025-04-24,2024-10-01
VEH00020,DRV00020,Auto,Piaggio,Ape,2018,KA10PK3269,Petrol,2021-06-16,2020-03-06
VEH00021,DRV00021,Bike,Hero,Splendor,2022,WB19CQ1023,Electric,2023-03-19,2022-07-23
VEH00022,DRV00022,Mini,Maruti Suzuki,Alto,2026,DL01YE0954,Petrol,2027-10-21,
VEH00023,DRV00023,Mini,Hyundai,Santro,2019,MH03OP1139,Petrol,2021-08-17,2020-05-16
VEH00024,DRV00024,Prime,Maruti Suzuki,Ciaz,2026,GJ12ND0955,CNG,2028-02-22,
VEH00025,DRV00025,Prime,Hyundai,Verna,2015,DL20IY2979,CNG,2017-11-12,2022-08-24
VEH00026,DRV00026,Bike,Hero,Splendor,2016,MH09NP2243,Petrol,2018-07-24,2021-03-01
VEH00027,DRV00027,XL,Mahindra,Marazzo,2024,UP18RY3283,Diesel,2027-02-16,2024-06-16
VEH00028,DRV00028,Auto,Bajaj,RE Auto,2022,MH16DG7916,Petrol,2024-10-21,2024-06-26
VEH00029,DRV00029,Prime,Hyundai,Verna,2019,TS17PV1084,Petrol,2021-03-24,2024-06-06
VEH00030,DRV00030,Mini,Maruti Suzuki,WagonR,2020,TN07FS6469,Petrol,2021-11-14,2026-01-19
VEH00031,DRV00031,Bike,Hero,Splendor,2024,TS05OE8212,Electric,2026-03-16,2024-07-25
VEH00032,DRV00032,Mini,Maruti Suzuki,Alto,2017,UP09RN8991,Petrol,2019-04-27,2021-11-08
VEH00033,DRV00033,Mini,Maruti Suzuki,Alto,2025,UP11AC3014,Petrol,2026-02-27,2025-10-17
VEH00034,DRV00034,Prime,Honda,City,2025,GJ10SX3002,CNG,2028-11-25,2026-02-28
VEH00035,DRV00035,Mini,Maruti Suzuki,Alto,2022,TN08XI8921,Petrol,2023-03-26,2026-01-02
VEH00036,DRV00036,Bike,Hero,Splendor,2025,GJ03IL7589,CNG,2026-11-07,2026-06-06
VEH00037,DRV00037,Auto,Bajaj,RE Auto,2022,DL06ST0075,CNG,2024-04-08,2025-07-17
VEH00038,DRV00038,Mini,Hyundai,Santro,2023,KA13EE0091,CNG,2024-12-07,2025-05-01
VEH00039,DRV00039,XL,Mahindra,Marazzo,2021,UP07EC4521,Petrol,2023-11-01,2025-03-01
VEH00040,DRV00040,Mini,Hyundai,Santro,2020,TS04YV8502,Diesel,2023-12-28,2026-06-02
VEH00041,DRV00041,Mini,Maruti Suzuki,WagonR,2018,MH10AY5171,CNG,2020-09-25,2021-12-01
VEH00042,DRV00042,Prime,Honda,City,2020,DL15NQ0790,Diesel,2022-06-18,2023-10-18
VEH00043,DRV00043,Mini,Maruti Suzuki,WagonR,2018,MH14ME6690,CNG,2021-01-05,2022-01-07
VEH00044,DRV00044,Mini,Maruti Suzuki,WagonR,2022,WB17AU1114,Petrol,2024-11-22,2025-11-25
VEH00045,DRV00045,Mini,Hyundai,Santro,2016,UP17CD5697,CNG,2019-09-10,2023-03-28
VEH00046,DRV00046,Mini,Hyundai,Santro,2023,WB09BT8188,Electric,2025-05-21,2024-10-19
VEH00047,DRV00047,Auto,Bajaj,RE Auto,2023,UP07OS9170,CNG,2024-07-17,2025-03-14
VEH00048,DRV00048,Bike,Bajaj,Pulsar,2015,DL17QA1797,Diesel,2018-07-17,2017-02-26
VEH00049,DRV00049,Mini,Hyundai,Santro,2017,WB15MH5429,Petrol,2019-07-26,2020-10-30
VEH00050,DRV00050,Bike,Bajaj,Pulsar,2017,UP17PU2577,Petrol,2018-06-04,2022-05-17
VEH00051,DRV00051,Mini,Maruti Suzuki,Alto,2017,DL02ZZ6436,CNG,2018-04-05,2017-08-21
VEH00052,DRV00052,Mini,Maruti Suzuki,Alto,2026,UP04LU3363,Diesel,2029-08-23,
VEH00053,DRV00053,Bike,TVS,Apache,2024,TS17WC3227,Petrol,2026-07-01,2026-07-09
VEH00054,DRV00054,Auto,Bajaj,RE Auto,2023,WB07CE1421,Petrol,2026-09-06,2025-08-23
VEH00055,DRV00055,Mini,Maruti Suzuki,WagonR,2018,GJ06OH4366,CNG,2020-06-19,2020-11-23
VEH00056,DRV00056,Bike,Hero,Splendor,2016,TS05UE7597,Petrol,2018-12-03,2021-07-08
VEH00057,DRV00057,Bike,Bajaj,Pulsar,2023,KA07RT0490,CNG,2026-07-20,2026-01-14
VEH00058,DRV00058,Bike,Hero,Splendor,2024,GJ04PY4954,CNG,2027-12-17,2026-04-09
VEH00059,DRV00059,Auto,Bajaj,RE Auto,2016,DL02DM9026,Diesel,2019-09-20,2023-05-06
VEH00060,DRV00060,Mini,Maruti Suzuki,WagonR,2017,KA06YD0432,Petrol,2018-05-22,2024-02-19
VEH00061,DRV00061,Bike,TVS,Apache,2022,MH11PO1718,Petrol,2024-07-14,2025-09-02
VEH00062,DRV00062,Auto,Bajaj,RE Auto,2024,DL07EQ5133,Diesel,2026-03-14,2025-06-15
VEH00063,DRV00063,Mini,Maruti Suzuki,Alto,2018,MH17TC2078,Diesel,2019-01-11,2026-03-06
VEH00064,DRV00064,Prime,Maruti Suzuki,Ciaz,2021,TS17IS2345,Diesel,2023-10-11,2023-08-04
VEH00065,DRV00065,Prime,Maruti Suzuki,Ciaz,2026,RJ05ZY8892,CNG,2029-06-17,
VEH00066,DRV00066,Auto,Piaggio,Ape,2017,KA03IC3166,Petrol,2019-06-10,2018-10-26
VEH00067,DRV00067,Bike,Bajaj,Pulsar,2025,DL08JK7306,Electric,2027-05-22,2026-02-08
VEH00068,DRV00068,Bike,Bajaj,Pulsar,2024,MH13PN8575,Petrol,2027-09-16,2025-07-21
VEH00069,DRV00069,Mini,Maruti Suzuki,Alto,2024,MH08YF1133,Petrol,2026-05-15,2026-01-11
VEH00070,DRV00070,Bike,Hero,Splendor,2025,MH09TB4854,Diesel,2027-05-09,2026-05-15
VEH00071,DRV00071,Mini,Maruti Suzuki,Alto,2023,MH15CV5810,CNG,2026-11-02,2025-10-04
VEH00072,DRV00072,Mini,Maruti Suzuki,WagonR,2021,KA13BN8647,CNG,2023-08-06,2024-11-17
VEH00073,DRV00073,Mini,Maruti Suzuki,WagonR,2021,RJ10IV1602,CNG,2024-09-12,2023-09-12
VEH00074,DRV00074,Auto,Piaggio,Ape,2022,WB10UH2728,CNG,2025-11-22,2024-10-19
VEH00075,DRV00075,Bike,Hero,Splendor,2024,KA14WO7791,Petrol,2025-11-13,2025-12-30
VEH00076,DRV00076,Mini,Maruti Suzuki,WagonR,2024,GJ03UJ7884,Electric,2027-04-14,2025-11-14
VEH00077,DRV00077,Auto,Bajaj,RE Auto,2015,UP05QT2888,Diesel,2018-04-19,2016-11-01
VEH00078,DRV00078,Bike,Bajaj,Pulsar,2022,DL12JI6934,Petrol,2023-09-05,2024-12-17
VEH00079,DRV00079,Auto,Piaggio,Ape,2022,RJ12MA8497,CNG,2023-12-17,2024-10-31
VEH00080,DRV00080,Mini,Maruti Suzuki,WagonR,2022,TN17MY8180,Petrol,2024-10-27,2024-08-10
VEH00081,DRV00081,Auto,Bajaj,RE Auto,2025,TS07ZI0808,Petrol,2028-04-16,2025-10-24
VEH00082,DRV00082,Prime,Honda,City,2025,TN09SK9171,Petrol,2028-06-30,2025-10-18
VEH00083,DRV00083,Bike,TVS,Apache,2019,MH06ZZ1876,Petrol,2022-09-07,2024-02-12
VEH00084,DRV00084,Mini,Maruti Suzuki,Alto,2018,UP05IV4377,Petrol,2019-02-26,2023-06-02
VEH00085,DRV00085,Prime,Maruti Suzuki,Ciaz,2018,TN13GM6785,Petrol,2019-03-12,2025-10-08
VEH00086,DRV00086,Prime,Maruti Suzuki,Ciaz,2020,KA14IS6904,Petrol,2023-11-12,2021-08-27
VEH00087,DRV00087,Mini,Maruti Suzuki,Alto,2016,RJ19OA0032,Diesel,2019-10-16,2022-03-27
VEH00088,DRV00088,Auto,Bajaj,RE Auto,2016,MH10NF4553,Petrol,2019-08-24,2020-07-27
VEH00089,DRV00089,Auto,Bajaj,RE Auto,2018,GJ12GN1791,Petrol,2021-02-10,2023-04-22
VEH00090,DRV00090,Mini,Hyundai,Santro,2019,TN15BY4386,Petrol,2021-06-07,2025-06-20
VEH00091,DRV00091,Bike,Bajaj,Pulsar,2020,RJ19IN6892,Petrol,2021-07-26,2024-12-10
VEH00092,DRV00092,Prime,Maruti Suzuki,Ciaz,2017,KA06IN8383,CNG,2019-02-25,2020-07-21
VEH00093,DRV00093,Prime,Honda,City,2023,KA19LU9235,Petrol,2026-04-30,2025-12-11
VEH00094,DRV00094,Bike,TVS,Apache,2019,MH11XM9533,CNG,2022-02-08,2020-07-14
VEH00095,DRV00095,Prime,Honda,City,2015,KA04UF1232,Diesel,2018-12-26,2020-12-18
VEH00096,DRV00096,Bike,Hero,Splendor,2022,WB11AI4616,CNG,2024-08-12,2024-10-02
VEH00097,DRV00097,Prime,Hyundai,Verna,2025,UP18GM2360,Petrol,2028-12-02,2026-03-14
VEH00098,DRV00098,Auto,Piaggio,Ape,2015,MH15TG9551,CNG,2016-09-20,2021-11-03
VEH00099,DRV00099,Auto,Bajaj,RE Auto,2016,RJ05EG5831,Petrol,2017-04-24,2023-09-06
VEH00100,DRV00100,Auto,Bajaj,RE Auto,2020,RJ17GK0089,Petrol,2021-05-09,2025-11-20
VEH00101,DRV00101,Auto,Bajaj,RE Auto,2019,KA02HN7232,Diesel,2022-07-31,2025-03-22
VEH00102,DRV00102,Prime,Honda,City,2020,KA12LD2241,Petrol,2021-04-19,2025-11-01
VEH00103,DRV00103,Mini,Maruti Suzuki,WagonR,2022,TN13UZ2711,Petrol,2024-03-24,2025-12-27
VEH00104,DRV00104,Mini,Hyundai,Santro,2022,UP13BN7685,Electric,2025-06-21,2023-03-28
VEH00105,DRV00105,Mini,Maruti Suzuki,WagonR,2021,KA13ML9500,Petrol,2024-09-25,2026-04-28
VEH00106,DRV00106,Auto,Bajaj,RE Auto,2025,DL16ZM6755,Electric,2026-06-15,2026-04-16
VEH00107,DRV00107,Mini,Maruti Suzuki,WagonR,2021,GJ05YA9218,Petrol,2024-05-27,2022-05-21
VEH00108,DRV00108,Mini,Hyundai,Santro,2019,DL05MM5169,Diesel,2020-10-24,2020-01-28
VEH00109,DRV00109,Bike,Hero,Splendor,2017,TN20RH8954,Petrol,2018-12-17,2023-08-04
VEH00110,DRV00110,Mini,Maruti Suzuki,WagonR,2026,WB10IS2625,CNG,2027-01-26,
VEH00111,DRV00111,Auto,Bajaj,RE Auto,2022,WB14NU5626,Petrol,2023-09-16,2024-09-12
VEH00112,DRV00112,Auto,Piaggio,Ape,2016,UP03EG2154,Diesel,2019-06-03,2018-03-30
VEH00113,DRV00113,Bike,Bajaj,Pulsar,2025,MH15OR0590,Diesel,2027-01-28,2026-04-27
VEH00114,DRV00114,Mini,Maruti Suzuki,WagonR,2019,UP01KL4536,Diesel,2022-12-06,2021-11-19
VEH00115,DRV00115,Auto,Piaggio,Ape,2023,GJ13FP8168,CNG,2024-09-21,2024-09-08
VEH00116,DRV00116,Bike,Bajaj,Pulsar,2026,TN09BH3169,Petrol,2029-10-15,
VEH00117,DRV00117,Mini,Maruti Suzuki,Alto,2021,KA20CZ9134,Petrol,2024-02-05,2024-11-17
VEH00118,DRV00118,Mini,Maruti Suzuki,WagonR,2018,UP19AG8036,Petrol,2019-12-03,2021-09-16
VEH00119,DRV00119,Bike,Hero,Splendor,2021,MH11JI4445,Petrol,2022-07-17,2025-06-01
VEH00120,DRV00120,Bike,Hero,Splendor,2026,GJ14GO8689,Diesel,2029-09-30,
VEH00121,DRV00121,Auto,Piaggio,Ape,2018,WB01QW7189,Diesel,2019-05-11,2022-06-10
VEH00122,DRV00122,Auto,Piaggio,Ape,2016,TS17EK0626,Diesel,2018-06-26,2025-12-25
VEH00123,DRV00123,Bike,TVS,Apache,2017,WB10DB7899,Petrol,2019-09-08,2024-10-17
VEH00124,DRV00124,Mini,Maruti Suzuki,WagonR,2024,WB07ZM7648,CNG,2027-10-01,2025-07-20
VEH00125,DRV00125,Prime,Honda,City,2018,RJ11EP4584,Diesel,2020-06-02,2021-08-26
VEH00126,DRV00126,Mini,Maruti Suzuki,WagonR,2022,KA08BA4844,Electric,2025-10-17,2026-03-09
VEH00127,DRV00127,Bike,Bajaj,Pulsar,2017,GJ20AW3902,CNG,2018-03-04,2020-08-27
VEH00128,DRV00128,Mini,Maruti Suzuki,Alto,2018,GJ06DL6056,CNG,2021-03-19,2019-04-26
VEH00129,DRV00129,Mini,Maruti Suzuki,Alto,2017,KA10UE5136,CNG,2020-11-27,2022-06-08
VEH00130,DRV00130,Mini,Hyundai,Santro,2015,RJ15GZ4308,Petrol,2018-01-04,2023-12-04
VEH00131,DRV00131,Bike,Bajaj,Pulsar,2017,KA09TH7239,Petrol,2019-04-19,2018-02-22
VEH00132,DRV00132,Mini,Maruti Suzuki,WagonR,2026,KA13HN0967,CNG,2027-08-20,
VEH00133,DRV00133,Mini,Maruti Suzuki,Alto,2024,RJ10HX0582,Electric,2027-08-15,2026-01-05
VEH00134,DRV00134,Prime,Honda,City,2024,WB11MQ7267,Petrol,2026-09-17,2026-02-19
VEH00135,DRV00135,Prime,Hyundai,Verna,2015,RJ13IS9658,Petrol,2017-10-10,2025-12-02
VEH00136,DRV00136,Mini,Maruti Suzuki,WagonR,2018,UP08GT2371,Petrol,2020-09-27,2019-07-27
VEH00137,DRV00137,Mini,Maruti Suzuki,WagonR,2023,WB10RN8954,Electric,2024-11-12,2024-04-21
VEH00138,DRV00138,XL,Mahindra,Marazzo,2025,WB14WP9934,Diesel,2026-10-26,2026-03-21
VEH00139,DRV00139,Mini,Maruti Suzuki,Alto,2024,MH04RC3383,Petrol,2025-09-26,2025-04-30
VEH00140,DRV00140,Prime,Maruti Suzuki,Ciaz,2022,TS10BB0044,Petrol,2023-01-11,2022-08-17
VEH00141,DRV00141,Auto,Piaggio,Ape,2023,GJ19IR9013,Diesel,2025-04-01,2023-09-02
VEH00142,DRV00142,Mini,Maruti Suzuki,Alto,2019,KA16PO1128,Petrol,2021-04-06,2020-03-03
VEH00143,DRV00143,Bike,Bajaj,Pulsar,2022,WB07NV5775,Petrol,2023-09-21,2024-01-16
VEH00144,DRV00144,XL,Toyota,Innova,2025,GJ09ZH5721,Petrol,2026-07-23,2026-04-10
VEH00145,DRV00145,Mini,Maruti Suzuki,Alto,2021,TS10BV7937,Petrol,2024-02-23,2022-06-30
VEH00146,DRV00146,Auto,Bajaj,RE Auto,2023,TN12JP4625,CNG,2024-11-16,2025-10-11
VEH00147,DRV00147,Mini,Maruti Suzuki,Alto,2017,TN05WV9548,Diesel,2018-11-22,2023-04-30
VEH00148,DRV00148,XL,Maruti Suzuki,Ertiga,2023,DL01GD2659,Petrol,2025-10-18,2025-07-20
VEH00149,DRV00149,Auto,Bajaj,RE Auto,2017,TS08BK5181,Petrol,2020-03-08,2023-07-31
VEH00150,DRV00150,Bike,Hero,Splendor,2015,RJ01XA9774,Diesel,2016-08-01,2016-07-19
VEH00151,DRV00151,Mini,Hyundai,Santro,2020,UP02FS1439,Petrol,2023-09-10,2022-11-21
VEH00152,DRV00152,Mini,Maruti Suzuki,WagonR,2016,TS15JO4754,Diesel,2018-09-25,2025-10-19
VEH00153,DRV00153,Mini,Hyundai,Santro,2018,WB08UT5551,Petrol,2020-10-19,2021-12-23
VEH00154,DRV00154,Bike,TVS,Apache,2026,UP06CH7994,Petrol,2029-06-04,
VEH00155,DRV00155,Bike,Bajaj,Pulsar,2021,TN01ZU4753,Diesel,2022-02-04,2024-07-13
VEH00156,DRV00156,Mini,Hyundai,Santro,2026,KA02XB8315,Petrol,2027-05-14,
VEH00157,DRV00157,Mini,Hyundai,Santro,2026,TN19YM5696,CNG,2029-08-02,
VEH00158,DRV00158,Prime,Honda,City,2021,KA16JL9568,Petrol,2024-12-21,2024-10-07
VEH00159,DRV00159,Bike,Bajaj,Pulsar,2022,TS02WD9221,Diesel,2025-03-15,2023-03-16
VEH00160,DRV00160,Bike,Bajaj,Pulsar,2023,DL01DI4038,CNG,2026-04-13,2024-04-27
VEH00161,DRV00161,Bike,TVS,Apache,2019,MH02PZ2940,Diesel,2022-11-22,2022-09-19
VEH00162,DRV00162,Auto,Bajaj,RE Auto,2023,RJ15TY6198,Electric,2025-02-07,2025-01-30
VEH00163,DRV00163,Auto,Bajaj,RE Auto,2015,DL11RV8151,Petrol,2018-10-22,2026-06-01
VEH00164,DRV00164,Prime,Hyundai,Verna,2021,TS13OP1510,CNG,2022-07-26,2023-01-08
VEH00165,DRV00165,Auto,Bajaj,RE Auto,2017,KA16TO2163,CNG,2018-04-13,2024-03-09
VEH00166,DRV00166,Mini,Maruti Suzuki,Alto,2022,KA16ZW7857,Diesel,2024-04-17,2024-11-21
VEH00167,DRV00167,Bike,TVS,Apache,2019,TN20FI5527,Petrol,2020-01-17,2022-03-26
VEH00168,DRV00168,Mini,Hyundai,Santro,2025,TN04WQ1906,CNG,2026-06-02,2026-03-03
VEH00169,DRV00169,Bike,Hero,Splendor,2026,MH01DI5061,Electric,2028-06-26,
VEH00170,DRV00170,Auto,Piaggio,Ape,2020,WB02ZH0850,Petrol,2023-05-13,2023-04-14
VEH00171,DRV00171,Mini,Maruti Suzuki,WagonR,2017,KA02VK6623,Diesel,2019-04-10,2022-04-10
VEH00172,DRV00172,Mini,Hyundai,Santro,2017,WB09YB6253,Diesel,2019-06-24,2025-03-12
VEH00173,DRV00173,Auto,Bajaj,RE Auto,2019,UP13ET8440,Diesel,2022-03-12,2023-06-06
VEH00174,DRV00174,Bike,Bajaj,Pulsar,2020,TS05DW1422,Petrol,2021-01-27,2025-09-25
VEH00175,DRV00175,Mini,Hyundai,Santro,2019,MH07ZC7097,Diesel,2021-09-22,2021-05-05
VEH00176,DRV00176,XL,Maruti Suzuki,Ertiga,2018,TN03WN5132,CNG,2020-07-03,2024-04-11
VEH00177,DRV00177,Bike,Bajaj,Pulsar,2020,TN08MG9397,Petrol,2021-03-13,2025-10-09
VEH00178,DRV00178,Prime,Hyundai,Verna,2025,WB03ZL3724,CNG,2027-12-11,2026-04-18
VEH00179,DRV00179,Mini,Maruti Suzuki,Alto,2026,TN01QF4887,Electric,2028-07-03,
VEH00180,DRV00180,Prime,Hyundai,Verna,2019,UP19EO6581,Petrol,2022-05-15,2023-04-08
VEH00181,DRV00181,Prime,Honda,City,2015,GJ12ZZ6032,Petrol,2017-10-09,2025-02-27
VEH00182,DRV00182,Mini,Maruti Suzuki,WagonR,2025,GJ12YD6884,Diesel,2028-01-19,2025-08-07
VEH00183,DRV00183,Prime,Maruti Suzuki,Ciaz,2015,RJ20CY3075,Diesel,2017-07-02,2016-07-06
VEH00184,DRV00184,Prime,Hyundai,Verna,2021,RJ02AK3692,CNG,2024-03-21,2022-12-30
VEH00185,DRV00185,Auto,Piaggio,Ape,2022,KA20IO5248,Electric,2023-04-09,2023-12-18
VEH00186,DRV00186,Mini,Maruti Suzuki,WagonR,2023,WB13DJ9488,Petrol,2026-01-07,2026-01-12
VEH00187,DRV00187,Prime,Maruti Suzuki,Ciaz,2016,WB11JI9203,Diesel,2017-05-12,2026-07-19
VEH00188,DRV00188,Bike,TVS,Apache,2018,KA07TH1549,Diesel,2020-03-05,2025-05-24
VEH00189,DRV00189,Mini,Hyundai,Santro,2019,TN12VL1771,Petrol,2022-12-21,2025-10-22
VEH00190,DRV00190,Bike,Hero,Splendor,2020,KA17YM8840,Petrol,2021-12-05,2021-07-23
VEH00191,DRV00191,Prime,Maruti Suzuki,Ciaz,2019,UP17NC6317,Petrol,2020-11-15,2021-12-10
VEH00192,DRV00192,Mini,Maruti Suzuki,Alto,2022,TN13KT8687,Petrol,2025-09-23,2025-03-05
VEH00193,DRV00193,Auto,Piaggio,Ape,2020,GJ06JT5461,CNG,2021-06-28,2022-03-09
VEH00194,DRV00194,Mini,Maruti Suzuki,Alto,2025,TN06RI7151,CNG,2027-03-07,2026-04-19
VEH00195,DRV00195,Mini,Maruti Suzuki,WagonR,2025,DL16PC1671,Petrol,2026-10-23,2026-03-30
VEH00196,DRV00196,Mini,Maruti Suzuki,Alto,2019,RJ13SK0673,Diesel,2020-11-04,2021-11-08
VEH00197,DRV00197,Mini,Maruti Suzuki,WagonR,2015,GJ18NJ1703,Petrol,2017-02-12,2025-07-05
VEH00198,DRV00198,Bike,TVS,Apache,2022,MH10VW4684,Petrol,2025-08-25,2024-06-27
VEH00199,DRV00199,Bike,TVS,Apache,2024,KA19MM6814,Diesel,2027-07-22,2025-05-29
VEH00200,DRV00200,Mini,Maruti Suzuki,WagonR,2022,MH18RK6154,Petrol,2024-05-15,2023-04-17
VEH00201,DRV00201,Bike,Hero,Splendor,2019,KA09FG7576,Diesel,2021-11-12,2023-09-22
VEH00202,DRV00202,Bike,Bajaj,Pulsar,2018,TN18RO2912,Petrol,2019-01-05,2018-05-04
VEH00203,DRV00203,Prime,Hyundai,Verna,2025,KA11CD2236,Petrol,2026-08-05,2026-05-31
VEH00204,DRV00204,Mini,Maruti Suzuki,Alto,2020,RJ18CK9113,CNG,2023-01-06,2023-02-03
VEH00205,DRV00205,Auto,Piaggio,Ape,2018,UP19VB1661,CNG,2019-12-02,2019-06-19
VEH00206,DRV00206,XL,Mahindra,Marazzo,2016,TN12SY8232,Diesel,2019-01-24,2019-10-15
VEH00207,DRV00207,Bike,Bajaj,Pulsar,2015,MH12AU7569,CNG,2018-01-24,2021-04-03
VEH00208,DRV00208,Prime,Maruti Suzuki,Ciaz,2022,WB04QM6953,Diesel,2025-08-12,2025-02-24
VEH00209,DRV00209,Auto,Bajaj,RE Auto,2015,TS11MV8045,Diesel,2017-07-23,2021-06-25
VEH00210,DRV00210,Mini,Maruti Suzuki,Alto,2025,GJ10YN4718,CNG,2028-05-02,2026-01-12
VEH00211,DRV00211,Mini,Maruti Suzuki,Alto,2020,KA07NT8541,Petrol,2021-01-23,2026-06-08
VEH00212,DRV00212,Auto,Bajaj,RE Auto,2017,KA05JO2484,Petrol,2018-06-12,2022-07-10
VEH00213,DRV00213,Bike,Bajaj,Pulsar,2023,MH11JK5988,Petrol,2024-09-26,2024-01-16
VEH00214,DRV00214,Prime,Hyundai,Verna,2016,MH19BO3839,CNG,2018-06-14,2019-02-28
VEH00215,DRV00215,Mini,Hyundai,Santro,2017,MH13EK3123,CNG,2019-06-06,2023-07-25
VEH00216,DRV00216,XL,Toyota,Innova,2026,RJ02XR6551,CNG,2029-04-19,
VEH00217,DRV00217,Auto,Piaggio,Ape,2026,WB19PK7172,CNG,2029-02-03,
VEH00218,DRV00218,Mini,Maruti Suzuki,Alto,2021,RJ13JQ8881,Diesel,2023-09-08,2025-04-20
VEH00219,DRV00219,Mini,Maruti Suzuki,WagonR,2023,WB15HA2592,Electric,2026-08-09,2023-12-25
VEH00220,DRV00220,Mini,Maruti Suzuki,Alto,2017,GJ09XK4539,Diesel,2019-12-20,2020-04-29
VEH00221,DRV00221,Mini,Hyundai,Santro,2021,KA16DC2981,Petrol,2022-02-08,2026-01-23
VEH00222,DRV00222,Prime,Honda,City,2016,WB09WQ6224,CNG,2017-05-03,2026-05-04
VEH00223,DRV00223,Bike,Bajaj,Pulsar,2019,GJ15KM6990,Diesel,2020-04-17,2024-04-29
VEH00224,DRV00224,Bike,Bajaj,Pulsar,2025,MH18HY6702,Petrol,2027-08-26,2026-07-06
VEH00225,DRV00225,Bike,Bajaj,Pulsar,2015,WB03VH1962,CNG,2017-03-25,2017-06-24
VEH00226,DRV00226,Bike,Hero,Splendor,2020,TS10VD2439,CNG,2021-02-13,2024-09-21
VEH00227,DRV00227,Bike,TVS,Apache,2024,UP03MG0267,Diesel,2025-02-20,2025-11-17
VEH00228,DRV00228,Mini,Hyundai,Santro,2018,RJ13SK7569,Diesel,2020-01-27,2026-03-02
VEH00229,DRV00229,Auto,Piaggio,Ape,2025,TS06SA6477,CNG,2028-03-05,2026-03-28
VEH00230,DRV00230,Mini,Maruti Suzuki,WagonR,2019,GJ20HV6191,Petrol,2021-10-11,2022-03-23
VEH00231,DRV00231,Bike,Hero,Splendor,2026,GJ10BU8866,Petrol,2027-07-07,
VEH00232,DRV00232,Bike,Bajaj,Pulsar,2021,RJ09UY0496,Petrol,2024-08-04,2022-07-14
VEH00233,DRV00233,XL,Maruti Suzuki,Ertiga,2023,TS16EP9549,CNG,2025-10-03,2024-05-07
VEH00234,DRV00234,Prime,Hyundai,Verna,2016,UP08ZD1738,Diesel,2017-08-13,2025-03-13
VEH00235,DRV00235,Auto,Bajaj,RE Auto,2022,GJ14IT7183,CNG,2025-06-09,2025-02-26
VEH00236,DRV00236,Mini,Maruti Suzuki,Alto,2019,DL20IA6315,Diesel,2021-03-31,2023-09-12
VEH00237,DRV00237,Bike,Bajaj,Pulsar,2021,GJ04KH9236,Petrol,2024-10-03,2025-09-09
VEH00238,DRV00238,Bike,Hero,Splendor,2016,DL12HI1182,CNG,2019-01-23,2023-10-24
VEH00239,DRV00239,Mini,Maruti Suzuki,WagonR,2025,UP03PU9704,CNG,2027-06-06,2026-05-20
VEH00240,DRV00240,Auto,Bajaj,RE Auto,2018,RJ14EC4052,CNG,2021-04-20,2026-05-30
VEH00241,DRV00241,Bike,Hero,Splendor,2016,RJ07WS7862,CNG,2017-09-19,2022-07-17
VEH00242,DRV00242,Auto,Bajaj,RE Auto,2023,MH01BD9304,Diesel,2026-03-20,2024-11-18
VEH00243,DRV00243,Mini,Hyundai,Santro,2022,MH14JX5457,CNG,2023-08-05,2024-12-01
VEH00244,DRV00244,Prime,Honda,City,2016,WB18SD7334,Petrol,2017-09-04,2020-04-21
VEH00245,DRV00245,XL,Mahindra,Marazzo,2016,TS05BL3557,Petrol,2019-11-03,2022-10-30
VEH00246,DRV00246,Auto,Piaggio,Ape,2018,RJ15MD8383,Petrol,2021-01-06,2023-05-01
VEH00247,DRV00247,Bike,Hero,Splendor,2022,MH17AT1454,Petrol,2025-03-04,2025-05-13
VEH00248,DRV00248,Bike,TVS,Apache,2024,MH14FK2576,Electric,2025-01-07,2026-07-02
VEH00249,DRV00249,Prime,Maruti Suzuki,Ciaz,2026,KA10RL3413,CNG,2027-09-20,
VEH00250,DRV00250,Auto,Piaggio,Ape,2019,WB02XZ3844,CNG,2021-07-13,2020-08-27
VEH00251,DRV00251,Bike,TVS,Apache,2016,RJ11OT8198,Diesel,2019-08-07,2023-02-16
VEH00252,DRV00252,XL,Mahindra,Marazzo,2023,MH13OQ2342,Electric,2025-11-09,2026-03-06
VEH00253,DRV00253,Mini,Maruti Suzuki,WagonR,2020,UP13HE1717,Petrol,2022-06-21,2024-06-17
VEH00254,DRV00254,Mini,Maruti Suzuki,WagonR,2019,DL06LS8009,CNG,2022-09-12,2023-07-25
VEH00255,DRV00255,Auto,Bajaj,RE Auto,2025,GJ02FK8469,Petrol,2027-06-12,2026-01-05
VEH00256,DRV00256,Mini,Hyundai,Santro,2022,GJ14RU4332,CNG,2023-10-04,2026-05-01
VEH00257,DRV00257,Auto,Bajaj,RE Auto,2020,GJ10CN8022,CNG,2023-04-20,2021-03-05
VEH00258,DRV00258,Auto,Piaggio,Ape,2016,GJ02FD7960,Diesel,2018-02-06,2022-12-16
VEH00259,DRV00259,Auto,Piaggio,Ape,2025,RJ03UQ2185,Electric,2028-05-18,2025-10-05
VEH00260,DRV00260,Bike,Hero,Splendor,2019,GJ05GO7084,Petrol,2021-03-25,2022-08-23
VEH00261,DRV00261,Bike,Bajaj,Pulsar,2015,MH18XX8829,Petrol,2018-03-10,2023-06-26
VEH00262,DRV00262,Bike,TVS,Apache,2018,DL16PQ2196,Diesel,2021-07-10,2025-10-13
VEH00263,DRV00263,XL,Toyota,Innova,2017,UP05QF7843,CNG,2019-07-25,2025-05-27
VEH00264,DRV00264,Auto,Bajaj,RE Auto,2022,MH04FQ8399,Petrol,2025-06-21,2023-05-09
VEH00265,DRV00265,Mini,Maruti Suzuki,Alto,2019,WB04KC0390,Diesel,2021-04-03,2023-02-19
VEH00266,DRV00266,Mini,Maruti Suzuki,WagonR,2017,UP14BM2529,CNG,2019-01-14,2019-07-13
VEH00267,DRV00267,Mini,Maruti Suzuki,Alto,2022,RJ17UQ7687,Diesel,2025-08-03,2023-10-09
VEH00268,DRV00268,Prime,Hyundai,Verna,2018,KA12KO0112,Petrol,2021-07-18,2026-06-17
VEH00269,DRV00269,Auto,Piaggio,Ape,2020,KA16JD8939,CNG,2022-12-13,2021-09-14
VEH00270,DRV00270,Mini,Maruti Suzuki,WagonR,2025,RJ19NV4605,Petrol,2026-01-09,2026-05-24
VEH00271,DRV00271,Prime,Hyundai,Verna,2018,RJ20FP8497,CNG,2019-02-18,2023-01-07
VEH00272,DRV00272,Prime,Hyundai,Verna,2021,TS06PK8264,Diesel,2024-10-03,2023-09-21
VEH00273,DRV00273,Mini,Maruti Suzuki,WagonR,2015,GJ19UA7970,CNG,2017-03-17,2019-03-11
VEH00274,DRV00274,Mini,Maruti Suzuki,Alto,2020,MH08IF7530,CNG,2021-03-07,2026-06-05
VEH00275,DRV00275,Mini,Maruti Suzuki,Alto,2016,TS19HV9227,Petrol,2019-03-12,2020-01-29
VEH00276,DRV00276,Auto,Piaggio,Ape,2024,TN04HJ0036,Electric,2025-04-12,2025-01-03
VEH00277,DRV00277,Mini,Maruti Suzuki,Alto,2025,TN18EB1684,Petrol,2027-03-09,2025-07-15
VEH00278,DRV00278,Auto,Piaggio,Ape,2019,KA13SQ1093,CNG,2022-03-26,2020-12-12
VEH00279,DRV00279,Mini,Hyundai,Santro,2026,TN10DF1836,Petrol,2028-01-14,2026-07-06
VEH00280,DRV00280,Prime,Honda,City,2022,GJ12NN3545,Diesel,2025-12-06,2026-01-05
VEH00281,DRV00281,Auto,Piaggio,Ape,2018,WB04PD0269,Petrol,2021-10-21,2019-11-10
VEH00282,DRV00282,Auto,Bajaj,RE Auto,2016,MH07DZ5992,CNG,2018-06-10,2026-06-20
VEH00283,DRV00283,Bike,TVS,Apache,2025,DL14NA3660,Petrol,2028-10-04,2026-05-16
VEH00284,DRV00284,Mini,Maruti Suzuki,Alto,2023,MH17ZK5328,CNG,2026-12-11,2025-08-03
VEH00285,DRV00285,Prime,Maruti Suzuki,Ciaz,2016,UP07MD7363,Petrol,2018-02-22,2016-09-21
VEH00286,DRV00286,Mini,Hyundai,Santro,2016,TN09OR4777,Petrol,2019-06-08,2019-09-27
VEH00287,DRV00287,XL,Mahindra,Marazzo,2017,DL20YA2738,CNG,2020-08-25,2025-08-02
VEH00288,DRV00288,Mini,Hyundai,Santro,2020,MH17RN1045,CNG,2021-03-02,2021-08-31
VEH00289,DRV00289,Auto,Piaggio,Ape,2015,KA06GZ0824,Petrol,2018-12-19,2025-09-15
VEH00290,DRV00290,Mini,Hyundai,Santro,2016,MH07XD9341,Petrol,2017-07-27,2021-05-21
VEH00291,DRV00291,Auto,Bajaj,RE Auto,2020,TS09UH2523,Petrol,2022-01-18,2026-03-12
VEH00292,DRV00292,Mini,Hyundai,Santro,2025,TS14FY0567,Diesel,2026-03-07,2025-09-21
VEH00293,DRV00293,Auto,Piaggio,Ape,2018,GJ06TZ5480,CNG,2021-04-21,2025-05-24
VEH00294,DRV00294,Auto,Piaggio,Ape,2024,KA10MJ9370,Electric,2026-04-03,2025-12-05
VEH00295,DRV00295,Auto,Bajaj,RE Auto,2025,TS18NT8920,Petrol,2028-02-03,2026-05-29
VEH00296,DRV00296,Mini,Maruti Suzuki,Alto,2018,WB05SI6678,Petrol,2020-06-21,2019-07-03
VEH00297,DRV00297,Prime,Hyundai,Verna,2017,TS11UC8845,Petrol,2019-04-13,2023-10-31
VEH00298,DRV00298,Mini,Hyundai,Santro,2016,DL02IT6234,Diesel,2018-08-02,2017-07-24
VEH00299,DRV00299,Auto,Bajaj,RE Auto,2017,KA16HW7626,Petrol,2019-04-11,2019-01-28
VEH00300,DRV00300,XL,Toyota,Innova,2026,DL07WN3145,Petrol,2029-04-04,
VEH00301,DRV00301,Mini,Hyundai,Santro,2025,GJ04VO3200,Diesel,2026-05-05,2025-11-05
VEH00302,DRV00302,Mini,Hyundai,Santro,2015,GJ06QQ7904,Petrol,2017-10-03,2021-11-29
VEH00303,DRV00303,Mini,Hyundai,Santro,2022,WB09QH1385,CNG,2025-02-02,2023-08-03
VEH00304,DRV00304,Bike,Bajaj,Pulsar,2025,KA11ZB5341,CNG,2026-11-19,2026-05-03
VEH00305,DRV00305,Mini,Hyundai,Santro,2022,UP15FY1670,Diesel,2023-01-07,2024-11-22
VEH00306,DRV00306,XL,Toyota,Innova,2022,RJ18OK5474,CNG,2023-01-10,2022-07-12
VEH00307,DRV00307,Bike,TVS,Apache,2018,DL08WQ6372,CNG,2020-07-25,2025-09-04
VEH00308,DRV00308,Mini,Maruti Suzuki,Alto,2015,DL06BZ3815,Petrol,2017-05-01,2018-07-02
VEH00309,DRV00309,Prime,Maruti Suzuki,Ciaz,2020,TN20SJ2794,Diesel,2021-12-11,2023-03-11
VEH00310,DRV00310,Bike,TVS,Apache,2024,RJ18XE4061,CNG,2026-10-15,2025-12-19
VEH00311,DRV00311,XL,Maruti Suzuki,Ertiga,2018,KA15FL6406,Diesel,2020-09-17,2020-11-16
VEH00312,DRV00312,XL,Maruti Suzuki,Ertiga,2018,RJ06EB4754,Diesel,2020-12-10,2026-05-10
VEH00313,DRV00313,Bike,TVS,Apache,2015,WB04KT0555,Petrol,2018-08-23,2023-03-09
VEH00314,DRV00314,Auto,Bajaj,RE Auto,2025,TN16NV4276,Diesel,2028-10-27,2026-06-20
VEH00315,DRV00315,Mini,Maruti Suzuki,WagonR,2020,UP02XE5093,Diesel,2021-11-05,2022-08-30
VEH00316,DRV00316,Mini,Maruti Suzuki,WagonR,2016,DL08NA0986,Petrol,2018-10-27,2026-01-06
VEH00317,DRV00317,Bike,Hero,Splendor,2025,RJ12CY1417,CNG,2026-09-02,2026-04-05
VEH00318,DRV00318,Prime,Honda,City,2019,WB17RT6028,Petrol,2022-06-06,2022-02-02
VEH00319,DRV00319,Mini,Maruti Suzuki,Alto,2019,KA08JM7570,CNG,2021-12-22,2023-07-24
VEH00320,DRV00320,Prime,Honda,City,2016,TN08RO3434,CNG,2017-01-25,2022-01-20
VEH00321,DRV00321,Mini,Maruti Suzuki,Alto,2025,RJ03ZA3808,CNG,2026-11-06,2026-04-11
VEH00322,DRV00322,XL,Maruti Suzuki,Ertiga,2019,TN20FN3878,Petrol,2022-11-04,2020-09-29
VEH00323,DRV00323,Auto,Piaggio,Ape,2021,DL19GB8545,CNG,2024-05-15,2024-05-17
VEH00324,DRV00324,Bike,TVS,Apache,2020,KA16MK5362,Petrol,2023-04-08,2021-11-01
VEH00325,DRV00325,Mini,Hyundai,Santro,2021,TN06ZK2597,Petrol,2023-01-21,2025-02-24
VEH00326,DRV00326,Prime,Honda,City,2020,DL01XV4564,Petrol,2023-05-18,2024-01-08
VEH00327,DRV00327,XL,Toyota,Innova,2020,TS17XU8733,Petrol,2021-08-03,2021-12-01
VEH00328,DRV00328,Prime,Maruti Suzuki,Ciaz,2015,WB08EG2821,Diesel,2018-05-06,2019-09-04
VEH00329,DRV00329,Bike,Bajaj,Pulsar,2021,DL12XR4178,Petrol,2024-05-16,2024-08-07
VEH00330,DRV00330,Auto,Piaggio,Ape,2018,MH04AE7029,CNG,2020-07-13,2026-06-20
VEH00331,DRV00331,Auto,Piaggio,Ape,2024,DL17GV0546,CNG,2025-02-06,2026-06-30
VEH00332,DRV00332,XL,Mahindra,Marazzo,2017,TN19TR6445,Petrol,2019-12-11,2025-06-15
VEH00333,DRV00333,Bike,Hero,Splendor,2022,MH16KI5253,Petrol,2023-04-09,2025-08-08
VEH00334,DRV00334,Bike,Bajaj,Pulsar,2022,UP05VR9629,CNG,2025-07-15,2024-02-27
VEH00335,DRV00335,Auto,Bajaj,RE Auto,2025,RJ02NQ2236,Electric,2028-02-23,2025-07-28
VEH00336,DRV00336,Bike,TVS,Apache,2022,RJ03EL4320,Diesel,2025-12-12,2025-10-27
VEH00337,DRV00337,Mini,Maruti Suzuki,WagonR,2018,UP19QO2446,CNG,2019-06-21,2022-06-24
VEH00338,DRV00338,Auto,Bajaj,RE Auto,2026,RJ13KT6620,CNG,2027-04-09,
VEH00339,DRV00339,Prime,Maruti Suzuki,Ciaz,2019,GJ14WU1034,Petrol,2021-04-14,2023-01-26
VEH00340,DRV00340,Bike,Hero,Splendor,2021,MH15BI8165,CNG,2024-12-15,2025-04-16
VEH00341,DRV00341,Mini,Maruti Suzuki,Alto,2025,RJ03TC7251,Electric,2027-12-08,2026-05-05
VEH00342,DRV00342,Mini,Hyundai,Santro,2025,UP14AW4369,Electric,2027-04-21,2025-11-12
VEH00343,DRV00343,Mini,Maruti Suzuki,WagonR,2023,GJ19IS2963,CNG,2024-12-12,2026-07-20
VEH00344,DRV00344,Auto,Piaggio,Ape,2019,RJ08JQ2721,Petrol,2020-07-09,2024-08-18
VEH00345,DRV00345,Bike,TVS,Apache,2015,RJ03UB7612,CNG,2018-10-22,2024-08-05
VEH00346,DRV00346,Auto,Piaggio,Ape,2024,TN18RO4992,Diesel,2025-07-18,2024-11-10
VEH00347,DRV00347,Bike,TVS,Apache,2020,WB01FE6453,CNG,2023-05-25,2024-06-28
VEH00348,DRV00348,Mini,Maruti Suzuki,Alto,2020,UP16JD3584,Petrol,2022-05-26,2022-04-10
VEH00349,DRV00349,Bike,Hero,Splendor,2022,WB15QF2104,Diesel,2024-09-30,2024-12-21
VEH00350,DRV00350,Auto,Bajaj,RE Auto,2016,WB06IY0257,Petrol,2017-12-12,2021-06-16
VEH00351,DRV00351,Mini,Maruti Suzuki,WagonR,2020,WB01AW3670,Diesel,2022-09-12,2025-06-25
VEH00352,DRV00352,Bike,Bajaj,Pulsar,2025,TS07NJ8680,Electric,2026-03-01,2025-07-12
VEH00353,DRV00353,Mini,Maruti Suzuki,WagonR,2026,DL16MS9944,Petrol,2029-01-22,
VEH00354,DRV00354,Bike,Bajaj,Pulsar,2020,GJ11LB3790,Petrol,2021-06-26,2026-01-17
VEH00355,DRV00355,Mini,Maruti Suzuki,WagonR,2022,TN20RW2811,Electric,2023-09-12,2026-01-07
VEH00356,DRV00356,Bike,TVS,Apache,2020,GJ15GD0841,Petrol,2021-07-06,2022-09-06
VEH00357,DRV00357,Mini,Hyundai,Santro,2026,GJ08AX0315,Petrol,2027-08-12,
VEH00358,DRV00358,Bike,TVS,Apache,2025,MH18ZT8437,Petrol,2026-10-01,2026-03-22
VEH00359,DRV00359,Bike,Bajaj,Pulsar,2022,RJ03TA8176,CNG,2023-02-14,2026-04-11
VEH00360,DRV00360,Mini,Hyundai,Santro,2019,KA11KJ4900,Petrol,2021-01-14,2021-10-06
VEH00361,DRV00361,Mini,Maruti Suzuki,Alto,2018,TS10GQ3565,Petrol,2019-05-09,2018-10-12
VEH00362,DRV00362,Auto,Piaggio,Ape,2024,KA04TR4575,Petrol,2025-03-28,2025-10-19
VEH00363,DRV00363,Mini,Maruti Suzuki,WagonR,2019,UP17QV1591,Diesel,2021-04-13,2023-08-04
VEH00364,DRV00364,Mini,Maruti Suzuki,Alto,2022,WB08VI3230,CNG,2024-04-30,2024-04-06
VEH00365,DRV00365,Auto,Bajaj,RE Auto,2024,WB07WG8432,Diesel,2027-06-28,2026-01-12
VEH00366,DRV00366,Mini,Hyundai,Santro,2022,WB18LB2255,Petrol,2025-04-18,2023-08-20
VEH00367,DRV00367,Bike,Hero,Splendor,2023,WB14DZ0068,Electric,2025-09-17,2024-01-25
VEH00368,DRV00368,Prime,Maruti Suzuki,Ciaz,2020,MH18BL1583,CNG,2021-01-31,2024-09-12
VEH00369,DRV00369,Mini,Maruti Suzuki,WagonR,2022,RJ19LU5191,CNG,2023-09-19,2026-03-24
VEH00370,DRV00370,Mini,Maruti Suzuki,WagonR,2022,TS16AX6737,CNG,2025-04-14,2025-07-31
VEH00371,DRV00371,Prime,Maruti Suzuki,Ciaz,2025,DL08UL2416,CNG,2026-12-22,2026-06-07
VEH00372,DRV00372,Bike,Bajaj,Pulsar,2020,WB17UO5802,Petrol,2021-02-20,2023-04-30
VEH00373,DRV00373,Bike,TVS,Apache,2018,DL12NW6039,CNG,2021-01-23,2019-11-20
VEH00374,DRV00374,Prime,Maruti Suzuki,Ciaz,2015,UP11HH7689,CNG,2018-05-26,2017-09-18
VEH00375,DRV00375,Auto,Bajaj,RE Auto,2024,DL19YG7676,Petrol,2027-05-13,2025-04-26
VEH00376,DRV00376,Auto,Bajaj,RE Auto,2021,DL08KC3698,Diesel,2023-10-09,2023-02-20
VEH00377,DRV00377,Mini,Maruti Suzuki,WagonR,2019,TS13CS8087,Petrol,2022-05-27,2020-12-29
VEH00378,DRV00378,XL,Mahindra,Marazzo,2025,RJ11UJ9090,CNG,2026-08-01,2026-05-28
VEH00379,DRV00379,Mini,Maruti Suzuki,Alto,2016,DL04VN8754,Diesel,2019-01-11,2020-06-09
VEH00380,DRV00380,Mini,Maruti Suzuki,Alto,2017,KA07ZD5378,CNG,2019-09-01,2025-04-17
VEH00381,DRV00381,Prime,Maruti Suzuki,Ciaz,2025,TS16LP2713,Petrol,2026-12-02,2026-07-18
VEH00382,DRV00382,Prime,Honda,City,2017,UP08QQ2118,Petrol,2019-07-20,2026-02-27
VEH00383,DRV00383,Bike,Bajaj,Pulsar,2026,GJ03QH1205,Electric,2027-03-09,
VEH00384,DRV00384,Mini,Maruti Suzuki,WagonR,2018,RJ05AB5738,CNG,2019-02-23,2019-12-13
VEH00385,DRV00385,Prime,Maruti Suzuki,Ciaz,2015,TS10EG3743,Diesel,2017-03-06,2016-09-06
VEH00386,DRV00386,Auto,Bajaj,RE Auto,2025,MH06EZ8773,CNG,2027-09-26,2026-04-08
VEH00387,DRV00387,Bike,TVS,Apache,2026,RJ01YJ7081,CNG,2027-08-10,
VEH00388,DRV00388,XL,Toyota,Innova,2018,DL14CW5215,CNG,2020-10-27,2022-04-26
VEH00389,DRV00389,Mini,Hyundai,Santro,2017,GJ04LN3416,Petrol,2019-11-02,2021-04-10
VEH00390,DRV00390,Auto,Bajaj,RE Auto,2016,KA13FE6097,Diesel,2018-06-25,2017-12-28
VEH00391,DRV00391,Mini,Maruti Suzuki,WagonR,2026,GJ19UM1385,Diesel,2029-10-21,
VEH00392,DRV00392,Prime,Maruti Suzuki,Ciaz,2019,UP09VS8660,CNG,2021-10-04,2024-07-13
VEH00393,DRV00393,Mini,Maruti Suzuki,WagonR,2017,DL14SN5493,CNG,2019-11-19,2020-06-20
VEH00394,DRV00394,Auto,Piaggio,Ape,2018,DL09DC2229,Petrol,2021-03-11,2026-03-21
VEH00395,DRV00395,Mini,Hyundai,Santro,2019,WB20WN2414,Petrol,2020-06-23,2021-01-05
VEH00396,DRV00396,Bike,Hero,Splendor,2025,TN16AE9543,Petrol,2026-09-21,2026-01-05
VEH00397,DRV00397,Auto,Bajaj,RE Auto,2022,UP16MJ3546,Petrol,2024-11-13,2024-11-23
VEH00398,DRV00398,Mini,Maruti Suzuki,WagonR,2020,UP18NA1465,CNG,2021-11-20,2026-04-06
VEH00399,DRV00399,Prime,Honda,City,2017,KA02HG4728,Diesel,2018-07-14,2023-11-24
VEH00400,DRV00400,Mini,Hyundai,Santro,2025,DL12FL5863,CNG,2026-02-02,2025-12-24
VEH00401,DRV00401,Mini,Maruti Suzuki,Alto,2025,UP12FR1414,Petrol,2028-02-02,2026-03-30
VEH00402,DRV00402,Bike,Hero,Splendor,2016,KA03MV7376,Petrol,2018-03-18,2017-11-22
VEH00403,DRV00403,Bike,TVS,Apache,2020,GJ12OE6937,CNG,2023-07-18,2023-06-29
VEH00404,DRV00404,Prime,Maruti Suzuki,Ciaz,2023,TN15LC5654,Electric,2025-05-20,2026-04-04
VEH00405,DRV00405,Bike,Bajaj,Pulsar,2022,UP20PA4409,Electric,2025-09-05,2024-06-02
VEH00406,DRV00406,Bike,Hero,Splendor,2020,MH10QY6529,Diesel,2023-02-14,2026-01-15
VEH00407,DRV00407,Auto,Piaggio,Ape,2021,UP13XL6451,CNG,2023-11-16,2022-07-29
VEH00408,DRV00408,XL,Toyota,Innova,2026,MH05NF1817,Diesel,2029-08-04,
VEH00409,DRV00409,Auto,Bajaj,RE Auto,2017,TN10UL5050,Petrol,2018-06-13,2025-11-11
VEH00410,DRV00410,Bike,Hero,Splendor,2022,KA05EX5027,Petrol,2025-02-23,2022-10-03
VEH00411,DRV00411,Mini,Maruti Suzuki,WagonR,2018,KA20EQ2785,Petrol,2019-01-10,2022-01-11
VEH00412,DRV00412,Mini,Maruti Suzuki,Alto,2016,DL11YZ9030,Petrol,2017-08-13,2026-02-25
VEH00413,DRV00413,Bike,TVS,Apache,2017,TN10DE6381,Diesel,2020-07-06,2018-08-02
VEH00414,DRV00414,Auto,Bajaj,RE Auto,2022,GJ02LN7638,CNG,2023-12-14,2026-01-09
VEH00415,DRV00415,Bike,TVS,Apache,2023,TN08ZG7528,Electric,2026-03-17,2025-03-27
VEH00416,DRV00416,Prime,Maruti Suzuki,Ciaz,2026,TS11YV1029,Petrol,2029-11-13,
VEH00417,DRV00417,XL,Toyota,Innova,2022,WB04DJ4716,Petrol,2023-04-06,2024-11-13
VEH00418,DRV00418,Mini,Hyundai,Santro,2022,GJ03GW0550,Diesel,2025-03-07,2025-10-28
VEH00419,DRV00419,Bike,Hero,Splendor,2026,WB20HX6888,CNG,2028-10-25,
VEH00420,DRV00420,Auto,Piaggio,Ape,2021,MH09HE1489,CNG,2023-06-15,2024-11-04
VEH00421,DRV00421,Prime,Maruti Suzuki,Ciaz,2025,TN13GG9321,Petrol,2026-11-21,2026-04-24
VEH00422,DRV00422,Auto,Bajaj,RE Auto,2017,TN19PL4453,CNG,2018-07-21,2025-08-24
VEH00423,DRV00423,Bike,TVS,Apache,2023,MH18LC6703,Electric,2025-05-24,2024-11-27
VEH00424,DRV00424,Bike,Hero,Splendor,2020,TS10IG2817,Diesel,2022-07-26,2024-03-28
VEH00425,DRV00425,Mini,Maruti Suzuki,WagonR,2018,GJ16HL8229,Diesel,2019-04-01,2023-03-13
VEH00426,DRV00426,Bike,TVS,Apache,2024,TS15AA6991,CNG,2026-08-20,2025-10-11
VEH00427,DRV00427,Auto,Piaggio,Ape,2022,KA12KS3216,Diesel,2025-10-24,2026-04-13
VEH00428,DRV00428,Bike,Bajaj,Pulsar,2025,WB04HF8906,Petrol,2026-09-03,2026-03-17
VEH00429,DRV00429,Mini,Maruti Suzuki,Alto,2020,TN03AT4806,Diesel,2021-08-21,2026-03-10
VEH00430,DRV00430,Bike,Bajaj,Pulsar,2025,WB17HQ1348,Petrol,2028-07-25,2026-06-08
VEH00431,DRV00431,Bike,Hero,Splendor,2026,KA10PJ6573,Petrol,2027-02-15,
VEH00432,DRV00432,Mini,Hyundai,Santro,2024,GJ04ZO2981,Petrol,2026-06-26,2024-09-25
VEH00433,DRV00433,Mini,Maruti Suzuki,Alto,2016,TS03OX4494,CNG,2019-06-09,2025-04-21
VEH00434,DRV00434,Mini,Hyundai,Santro,2017,WB07WP1676,Petrol,2018-07-15,2020-08-31
VEH00435,DRV00435,Bike,Bajaj,Pulsar,2016,TS19DT6571,Diesel,2019-09-18,2022-06-14
VEH00436,DRV00436,Bike,Hero,Splendor,2025,KA16YJ8028,Diesel,2026-11-15,2026-06-19
VEH00437,DRV00437,XL,Toyota,Innova,2025,KA14TX5631,Petrol,2026-04-03,2026-03-01
VEH00438,DRV00438,Prime,Hyundai,Verna,2016,WB12OH0557,Petrol,2017-07-15,2022-01-11
VEH00439,DRV00439,Prime,Hyundai,Verna,2023,GJ19AL8705,CNG,2024-12-04,2024-04-19
VEH00440,DRV00440,Mini,Hyundai,Santro,2020,WB03PX1095,CNG,2021-07-22,2024-09-25
VEH00441,DRV00441,Bike,Bajaj,Pulsar,2018,TN05MW9543,Petrol,2021-01-18,2025-03-26
VEH00442,DRV00442,Auto,Bajaj,RE Auto,2017,DL15FH9052,Petrol,2020-04-05,2026-05-17
VEH00443,DRV00443,XL,Toyota,Innova,2018,UP03NQ8501,Petrol,2020-12-26,2019-09-23
VEH00444,DRV00444,Mini,Maruti Suzuki,Alto,2016,TN03ZF9465,Diesel,2018-05-20,2022-08-01
VEH00445,DRV00445,XL,Toyota,Innova,2020,TS04ZO4911,Petrol,2022-08-10,2021-09-13
VEH00446,DRV00446,Prime,Maruti Suzuki,Ciaz,2020,RJ17JJ4505,Petrol,2022-01-01,2023-06-15
VEH00447,DRV00447,Prime,Hyundai,Verna,2021,RJ03DZ4407,CNG,2023-07-08,2025-11-11
VEH00448,DRV00448,Mini,Maruti Suzuki,Alto,2018,DL10VO9182,Diesel,2021-07-08,2022-01-14
VEH00449,DRV00449,Auto,Piaggio,Ape,2020,DL11IA0939,Petrol,2022-10-16,2021-07-22
VEH00450,DRV00450,Auto,Bajaj,RE Auto,2015,TN06LY7651,Petrol,2016-02-08,2024-05-13
VEH00451,DRV00451,Mini,Maruti Suzuki,WagonR,2026,GJ01WC1726,Electric,2029-08-17,
VEH00452,DRV00452,Bike,Bajaj,Pulsar,2016,WB16VU6175,Petrol,2018-02-11,2024-10-14
VEH00453,DRV00453,Auto,Piaggio,Ape,2026,KA10TH1158,Electric,2029-08-17,
VEH00454,DRV00454,Prime,Maruti Suzuki,Ciaz,2015,WB20HN1648,CNG,2018-09-01,2021-03-29
VEH00455,DRV00455,Bike,Hero,Splendor,2024,TN05IH1658,Petrol,2027-08-04,2025-09-12
VEH00456,DRV00456,Prime,Hyundai,Verna,2015,RJ09CB2476,Petrol,2018-02-13,2020-07-17
VEH00457,DRV00457,Mini,Maruti Suzuki,WagonR,2024,WB03BS6377,Electric,2026-01-14,2024-12-24
VEH00458,DRV00458,Auto,Bajaj,RE Auto,2024,UP04JV6871,Electric,2026-08-05,2026-05-22
VEH00459,DRV00459,Mini,Maruti Suzuki,WagonR,2017,RJ17AW2953,Petrol,2019-08-17,2019-05-14
VEH00460,DRV00460,Mini,Maruti Suzuki,WagonR,2026,WB08ZH2569,Electric,2027-12-08,
VEH00461,DRV00461,Mini,Hyundai,Santro,2022,GJ10DW6799,CNG,2023-05-21,2023-05-11
VEH00462,DRV00462,Bike,Hero,Splendor,2026,DL08UF9276,Electric,2027-02-08,
VEH00463,DRV00463,Prime,Hyundai,Verna,2023,TN19UA7345,Petrol,2026-08-04,2024-10-27
VEH00464,DRV00464,Prime,Maruti Suzuki,Ciaz,2019,GJ05ZQ9041,CNG,2020-03-08,2021-05-19
VEH00465,DRV00465,Bike,Hero,Splendor,2015,RJ11NE6336,CNG,2016-10-21,2025-12-12
VEH00466,DRV00466,Mini,Hyundai,Santro,2015,DL17DY8268,Petrol,2017-12-24,2016-10-04
VEH00467,DRV00467,Prime,Maruti Suzuki,Ciaz,2022,TS11WN7132,Electric,2024-12-13,2023-07-12
VEH00468,DRV00468,Mini,Maruti Suzuki,WagonR,2021,RJ15CS1482,CNG,2023-04-05,2023-12-26
VEH00469,DRV00469,Mini,Hyundai,Santro,2026,DL13FV5928,Petrol,2027-04-27,
VEH00470,DRV00470,Bike,Bajaj,Pulsar,2026,KA01ZT7275,CNG,2029-11-27,
VEH00471,DRV00471,Mini,Hyundai,Santro,2019,GJ03MI1323,Diesel,2020-06-20,2023-08-17
VEH00472,DRV00472,Mini,Maruti Suzuki,WagonR,2025,DL15WM9512,CNG,2026-10-16,2026-05-12
VEH00473,DRV00473,Mini,Maruti Suzuki,WagonR,2024,KA20XG9255,CNG,2025-06-12,2024-09-14
VEH00474,DRV00474,Mini,Maruti Suzuki,Alto,2024,UP19PW4941,Diesel,2025-04-28,2026-04-02
VEH00475,DRV00475,XL,Maruti Suzuki,Ertiga,2025,DL18QS0284,Diesel,2026-06-12,2026-06-28
VEH00476,DRV00476,Auto,Piaggio,Ape,2016,MH19QF4482,Diesel,2018-05-24,2024-12-25
VEH00477,DRV00477,Bike,TVS,Apache,2023,DL11YR1404,Diesel,2024-10-21,2025-09-01
VEH00478,DRV00478,Mini,Maruti Suzuki,WagonR,2020,TN14II8262,Petrol,2022-12-10,2023-12-05
VEH00479,DRV00479,Prime,Maruti Suzuki,Ciaz,2019,GJ03IW9182,Diesel,2021-07-11,2026-06-11
VEH00480,DRV00480,Bike,Bajaj,Pulsar,2026,GJ05BX9440,Diesel,2027-04-24,
VEH00481,DRV00481,Prime,Maruti Suzuki,Ciaz,2024,MH20CR5837,Petrol,2026-08-20,2025-04-04
VEH00482,DRV00482,Auto,Piaggio,Ape,2023,DL15RK5538,Electric,2024-07-26,2025-11-15
VEH00483,DRV00483,Mini,Maruti Suzuki,Alto,2016,TN15HK5318,Petrol,2018-10-14,2026-07-14
VEH00484,DRV00484,Mini,Hyundai,Santro,2018,TN12KH1401,CNG,2021-02-19,2019-03-26
VEH00485,DRV00485,Mini,Hyundai,Santro,2026,WB19JD3545,Petrol,2027-01-27,
VEH00486,DRV00486,Bike,TVS,Apache,2022,UP01KJ1206,Electric,2024-08-22,2023-02-09
VEH00487,DRV00487,Mini,Maruti Suzuki,WagonR,2022,MH11HR8816,CNG,2025-12-05,2025-07-01
VEH00488,DRV00488,Auto,Bajaj,RE Auto,2021,TN10NF2185,Diesel,2023-12-10,2022-09-01
VEH00489,DRV00489,Prime,Hyundai,Verna,2018,DL04FM3162,Petrol,2021-02-24,2023-11-13
VEH00490,DRV00490,Bike,Hero,Splendor,2015,GJ20JF1708,CNG,2017-07-09,2018-05-20
VEH00491,DRV00491,Bike,Hero,Splendor,2017,KA16OS2445,CNG,2019-10-14,2022-02-27
VEH00492,DRV00492,Mini,Maruti Suzuki,Alto,2019,WB14BY4282,CNG,2020-02-15,2023-05-11
VEH00493,DRV00493,Mini,Hyundai,Santro,2015,KA08RK0979,Petrol,2018-06-21,2017-12-28
VEH00494,DRV00494,Bike,Hero,Splendor,2023,MH07FX9952,Electric,2024-09-15,2026-04-02
VEH00495,DRV00495,Auto,Bajaj,RE Auto,2016,DL01HT8201,Petrol,2017-06-28,2026-06-16
VEH00496,DRV00496,Auto,Bajaj,RE Auto,2021,TS04JL4060,Petrol,2023-06-18,2022-01-08
VEH00497,DRV00497,Bike,Hero,Splendor,2026,MH08AX9891,Petrol,2028-10-12,
VEH00498,DRV00498,Bike,TVS,Apache,2021,UP05AW1363,Diesel,2022-12-16,2023-04-27
VEH00499,DRV00499,Bike,Bajaj,Pulsar,2018,MH17AX5356,Diesel,2020-12-11,2019-10-02
VEH00500,DRV00500,Mini,Maruti Suzuki,WagonR,2025,RJ08XH3409,Electric,2028-03-02,2026-01-17
VEH00501,DRV00501,XL,Toyota,Innova,2015,UP03PP5857,Petrol,2018-06-25,2025-01-21
VEH00502,DRV00502,Mini,Maruti Suzuki,WagonR,2025,TN05NQ6232,Petrol,2027-01-20,2026-03-15
VEH00503,DRV00503,Prime,Maruti Suzuki,Ciaz,2017,UP05LP7735,Diesel,2020-07-15,2018-02-07
VEH00504,DRV00504,Mini,Maruti Suzuki,WagonR,2025,UP06KQ9498,Electric,2028-08-26,2026-06-19
VEH00505,DRV00505,Prime,Hyundai,Verna,2020,UP15OE9024,Petrol,2021-08-15,2024-02-11
VEH00506,DRV00506,Auto,Piaggio,Ape,2018,TN10RC4853,CNG,2019-10-18,2025-06-08
VEH00507,DRV00507,Mini,Maruti Suzuki,WagonR,2023,MH12RW3811,CNG,2025-08-02,2025-03-06
VEH00508,DRV00508,Prime,Maruti Suzuki,Ciaz,2016,UP17CA8373,CNG,2017-08-26,2025-09-30
VEH00509,DRV00509,Bike,TVS,Apache,2021,UP03EE8255,CNG,2024-03-03,2021-11-11
VEH00510,DRV00510,Mini,Maruti Suzuki,WagonR,2017,MH20VY6263,Petrol,2019-02-28,2023-08-13
VEH00511,DRV00511,Mini,Maruti Suzuki,Alto,2024,WB02LV3648,CNG,2026-01-06,2025-06-21
VEH00512,DRV00512,Bike,TVS,Apache,2017,TN06FC1700,Diesel,2020-01-07,2021-02-16
VEH00513,DRV00513,Auto,Bajaj,RE Auto,2022,DL14JE6162,Petrol,2024-01-03,2023-02-11
VEH00514,DRV00514,Mini,Maruti Suzuki,Alto,2024,KA20UV3273,Petrol,2027-04-24,2025-05-05
VEH00515,DRV00515,Mini,Hyundai,Santro,2019,TS09CM2225,Petrol,2022-12-27,2022-08-10
VEH00516,DRV00516,Prime,Hyundai,Verna,2017,DL09XX3237,CNG,2019-11-02,2026-04-25
VEH00517,DRV00517,Bike,Hero,Splendor,2024,TS03LU1421,CNG,2027-02-06,2024-09-29
VEH00518,DRV00518,Prime,Hyundai,Verna,2019,DL06UL5014,Petrol,2020-10-18,2022-08-24
VEH00519,DRV00519,Mini,Maruti Suzuki,Alto,2016,TN08HI9148,Petrol,2017-11-13,2025-03-11
VEH00520,DRV00520,Prime,Maruti Suzuki,Ciaz,2015,MH14FF9784,Petrol,2018-03-27,2018-10-16
VEH00521,DRV00521,Mini,Hyundai,Santro,2023,KA18WR3014,Petrol,2024-09-19,2024-10-13
VEH00522,DRV00522,Bike,Bajaj,Pulsar,2019,TN01OK8225,CNG,2022-10-12,2025-02-12
VEH00523,DRV00523,Mini,Hyundai,Santro,2016,TN07DW1479,Diesel,2019-01-06,2017-02-26
VEH00524,DRV00524,Bike,TVS,Apache,2017,UP16MJ9770,Diesel,2019-10-05,2023-09-09
VEH00525,DRV00525,Mini,Hyundai,Santro,2023,MH19ZI7079,Petrol,2025-05-19,2024-10-18
VEH00526,DRV00526,Auto,Piaggio,Ape,2021,WB06LZ0420,Diesel,2024-06-04,2024-06-13
VEH00527,DRV00527,Mini,Maruti Suzuki,Alto,2024,UP03BZ3003,Petrol,2026-01-31,2025-12-27
VEH00528,DRV00528,Prime,Maruti Suzuki,Ciaz,2018,RJ16BL7917,CNG,2021-10-26,2025-03-20
VEH00529,DRV00529,Auto,Piaggio,Ape,2016,WB02CV5024,CNG,2019-07-16,2022-03-07
VEH00530,DRV00530,Mini,Maruti Suzuki,Alto,2023,TN06SE4985,CNG,2024-01-05,2024-04-11
VEH00531,DRV00531,Bike,TVS,Apache,2018,MH15WJ4952,CNG,2019-01-18,2023-04-28
VEH00532,DRV00532,Bike,Bajaj,Pulsar,2017,GJ15BI9996,CNG,2018-05-28,2024-07-12
VEH00533,DRV00533,Mini,Maruti Suzuki,Alto,2023,RJ11FO9745,Petrol,2026-04-19,2025-01-24
VEH00534,DRV00534,Auto,Bajaj,RE Auto,2025,GJ10JS9278,Petrol,2027-08-06,2026-03-02
VEH00535,DRV00535,Bike,Hero,Splendor,2021,TN15LZ2538,Petrol,2023-10-21,2025-08-12
VEH00536,DRV00536,Prime,Honda,City,2018,WB11OR2541,Diesel,2020-06-08,2023-07-31
VEH00537,DRV00537,Mini,Maruti Suzuki,Alto,2024,TN13HF0578,Electric,2026-08-13,2026-01-17
VEH00538,DRV00538,Mini,Hyundai,Santro,2023,TS05ZR8607,Diesel,2024-12-06,2025-03-05
VEH00539,DRV00539,XL,Toyota,Innova,2023,TN01DF7997,Petrol,2024-03-15,2026-01-13
VEH00540,DRV00540,Bike,Hero,Splendor,2020,DL13PJ5770,Petrol,2022-06-16,2023-05-25
VEH00541,DRV00541,Mini,Maruti Suzuki,WagonR,2025,UP12DF0487,CNG,2028-06-15,2025-11-09
VEH00542,DRV00542,Auto,Piaggio,Ape,2022,KA16ZZ4039,Petrol,2023-08-09,2026-02-22
VEH00543,DRV00543,Bike,TVS,Apache,2018,GJ17GB0438,Petrol,2019-07-23,2021-05-09
VEH00544,DRV00544,Bike,TVS,Apache,2019,DL11FE5801,CNG,2021-04-15,2021-09-25
VEH00545,DRV00545,Mini,Maruti Suzuki,WagonR,2019,MH02GV2458,Petrol,2020-02-03,2025-06-03
VEH00546,DRV00546,Bike,Bajaj,Pulsar,2024,KA15QI3374,Diesel,2027-11-28,2026-01-10
VEH00547,DRV00547,Bike,TVS,Apache,2023,RJ17HE3442,Petrol,2024-03-31,2024-03-18
VEH00548,DRV00548,Bike,Hero,Splendor,2017,TN10GQ4300,Diesel,2019-01-12,2026-06-04
VEH00549,DRV00549,Mini,Hyundai,Santro,2022,DL16PE5796,Petrol,2023-07-09,2025-01-13
VEH00550,DRV00550,Mini,Maruti Suzuki,Alto,2026,MH17YT2144,Diesel,2028-06-27,
VEH00551,DRV00551,Bike,Bajaj,Pulsar,2015,TN17TN4294,CNG,2018-03-14,2021-12-26
VEH00552,DRV00552,Auto,Piaggio,Ape,2015,WB14XZ2066,Petrol,2018-12-21,2020-12-26
VEH00553,DRV00553,Mini,Maruti Suzuki,Alto,2023,UP16OF0947,CNG,2025-10-08,2025-03-21
VEH00554,DRV00554,XL,Maruti Suzuki,Ertiga,2016,KA19BK3650,CNG,2018-11-04,2019-07-29
VEH00555,DRV00555,Prime,Maruti Suzuki,Ciaz,2015,WB10XH7339,Petrol,2016-06-23,2024-04-19
VEH00556,DRV00556,Mini,Hyundai,Santro,2017,UP03DR2865,Petrol,2018-08-08,2023-07-04
VEH00557,DRV00557,Prime,Honda,City,2022,KA17VV2041,CNG,2023-09-06,2023-04-23
VEH00558,DRV00558,Prime,Hyundai,Verna,2023,UP15LN0048,CNG,2026-07-20,2025-05-18
VEH00559,DRV00559,Mini,Maruti Suzuki,Alto,2021,WB12GR4705,Diesel,2024-04-02,2024-08-06
VEH00560,DRV00560,Mini,Hyundai,Santro,2016,TN08CG3871,Petrol,2017-11-20,2023-04-18
VEH00561,DRV00561,Auto,Piaggio,Ape,2021,KA10PS8078,CNG,2022-12-01,2023-12-13
VEH00562,DRV00562,Mini,Hyundai,Santro,2022,DL18BU3953,Petrol,2024-12-18,2025-09-22
VEH00563,DRV00563,Mini,Hyundai,Santro,2025,TS09WS6150,Petrol,2028-07-07,2026-06-29
VEH00564,DRV00564,Auto,Piaggio,Ape,2015,UP18AP8863,CNG,2016-03-02,2024-04-14
VEH00565,DRV00565,Mini,Maruti Suzuki,WagonR,2025,MH10BE7116,Electric,2028-06-20,2026-06-13
VEH00566,DRV00566,Prime,Honda,City,2023,RJ08LI6884,Electric,2026-08-10,2024-08-31
VEH00567,DRV00567,Mini,Maruti Suzuki,WagonR,2022,DL19ML6081,Petrol,2025-10-18,2026-05-05
VEH00568,DRV00568,Auto,Piaggio,Ape,2026,KA17JR0922,Petrol,2029-05-23,
VEH00569,DRV00569,Bike,Bajaj,Pulsar,2025,GJ15TD9540,Diesel,2028-04-06,2026-05-23
VEH00570,DRV00570,Bike,TVS,Apache,2023,UP08EM7061,Petrol,2025-08-01,2025-05-17
VEH00571,DRV00571,Mini,Maruti Suzuki,WagonR,2026,MH13AR4081,Petrol,2029-01-20,2026-06-18
VEH00572,DRV00572,Mini,Maruti Suzuki,Alto,2017,GJ10BF7972,Diesel,2020-11-11,2026-01-22
VEH00573,DRV00573,Bike,Bajaj,Pulsar,2025,MH04RN9363,Diesel,2027-03-10,2025-12-13
VEH00574,DRV00574,Auto,Piaggio,Ape,2019,KA06IP6019,Petrol,2020-07-21,2023-01-20
VEH00575,DRV00575,Prime,Hyundai,Verna,2019,RJ07BY0976,CNG,2021-02-22,2022-06-02
VEH00576,DRV00576,Prime,Hyundai,Verna,2021,UP03GN1679,Petrol,2024-01-12,2023-02-12
VEH00577,DRV00577,Auto,Piaggio,Ape,2015,UP03OH3795,CNG,2017-06-30,2023-11-14
VEH00578,DRV00578,Prime,Maruti Suzuki,Ciaz,2016,GJ08UG5403,Petrol,2017-11-20,2021-10-08
VEH00579,DRV00579,Mini,Hyundai,Santro,2022,WB10QC9663,Petrol,2024-06-11,2024-01-20
VEH00580,DRV00580,Bike,TVS,Apache,2025,MH11XQ1473,CNG,2027-11-24,2026-03-17
VEH00581,DRV00581,Mini,Hyundai,Santro,2017,TS06UN6376,Petrol,2020-07-09,2019-01-19
VEH00582,DRV00582,Auto,Bajaj,RE Auto,2025,UP03NX9064,Petrol,2028-09-04,2026-04-08
VEH00583,DRV00583,Bike,Bajaj,Pulsar,2023,WB10DQ1778,CNG,2024-06-09,2023-11-18
VEH00584,DRV00584,Auto,Bajaj,RE Auto,2025,WB05VO6861,Diesel,2027-12-03,2026-05-09
VEH00585,DRV00585,XL,Mahindra,Marazzo,2017,KA16PQ4399,CNG,2020-02-06,2022-06-21
VEH00586,DRV00586,Auto,Bajaj,RE Auto,2015,MH13OM7634,Petrol,2017-08-10,2018-07-19
VEH00587,DRV00587,Prime,Maruti Suzuki,Ciaz,2019,UP01KT1895,Petrol,2022-06-01,2020-01-28
VEH00588,DRV00588,Auto,Piaggio,Ape,2023,DL18XB6065,Electric,2026-11-03,2025-04-23
VEH00589,DRV00589,Prime,Maruti Suzuki,Ciaz,2021,GJ15OZ4196,Petrol,2022-11-22,2024-11-18
VEH00590,DRV00590,Mini,Maruti Suzuki,WagonR,2023,TS20FL4360,Electric,2026-03-15,2025-04-21
VEH00591,DRV00591,Mini,Hyundai,Santro,2026,RJ15LT0361,Diesel,2028-01-23,
VEH00592,DRV00592,Bike,TVS,Apache,2026,MH17QQ5597,CNG,2028-10-22,
VEH00593,DRV00593,Bike,TVS,Apache,2015,UP10BI8682,CNG,2017-09-01,2025-12-18
VEH00594,DRV00594,Bike,Hero,Splendor,2022,DL20RW9580,CNG,2024-12-26,2024-03-30
VEH00595,DRV00595,Mini,Maruti Suzuki,WagonR,2017,KA15UK9587,CNG,2019-04-06,2020-07-02
VEH00596,DRV00596,Mini,Maruti Suzuki,WagonR,2020,DL07RJ7746,Petrol,2023-05-24,2025-05-21
VEH00597,DRV00597,Prime,Honda,City,2016,UP10DH1907,Diesel,2019-02-09,2017-04-25
VEH00598,DRV00598,Mini,Hyundai,Santro,2015,TN06SW8790,Petrol,2018-01-25,2019-05-14
VEH00599,DRV00599,Mini,Maruti Suzuki,WagonR,2020,MH02TI6010,CNG,2021-07-14,2023-05-11
VEH00600,DRV00600,Auto,Piaggio,Ape,2026,RJ16TR2536,Electric,2027-01-27,
VEH00601,DRV00601,XL,Toyota,Innova,2026,TS15GB2598,Petrol,2027-05-06,
VEH00602,DRV00602,Mini,Maruti Suzuki,WagonR,2019,MH19JY8566,CNG,2022-12-23,2025-03-27
VEH00603,DRV00603,Mini,Maruti Suzuki,WagonR,2022,KA11LB4933,Diesel,2023-10-15,2024-07-22
VEH00604,DRV00604,Auto,Piaggio,Ape,2020,TN20QB1103,CNG,2023-08-20,2023-05-05
VEH00605,DRV00605,Bike,TVS,Apache,2026,TS09QS7090,Diesel,2028-06-23,
VEH00606,DRV00606,Mini,Maruti Suzuki,Alto,2015,KA03SU5395,CNG,2017-11-08,2016-05-15
VEH00607,DRV00607,Auto,Bajaj,RE Auto,2025,UP14BC5375,Petrol,2026-01-07,2026-03-04
VEH00608,DRV00608,Mini,Hyundai,Santro,2023,MH16WO9498,CNG,2026-09-14,2024-03-11
VEH00609,DRV00609,Auto,Bajaj,RE Auto,2023,UP09UJ8399,Petrol,2026-06-15,2025-04-01
VEH00610,DRV00610,Bike,Bajaj,Pulsar,2019,TS20LL5762,Petrol,2021-09-23,2025-12-05
VEH00611,DRV00611,Mini,Maruti Suzuki,Alto,2020,TN12TW2759,Petrol,2021-11-05,2026-07-16
VEH00612,DRV00612,Bike,Hero,Splendor,2025,RJ17XD3537,CNG,2027-09-16,2026-03-20
VEH00613,DRV00613,Auto,Bajaj,RE Auto,2018,GJ10XR3701,Petrol,2020-09-30,2022-06-08
VEH00614,DRV00614,Auto,Bajaj,RE Auto,2022,MH10UC8901,Electric,2025-08-01,2024-06-05
VEH00615,DRV00615,Bike,Bajaj,Pulsar,2016,MH03IY9579,Diesel,2018-12-03,2026-01-05
VEH00616,DRV00616,Bike,TVS,Apache,2023,TN04SN1160,Diesel,2024-09-02,2025-09-11
VEH00617,DRV00617,Mini,Maruti Suzuki,WagonR,2024,MH13QJ2840,Petrol,2026-07-13,2026-07-03
VEH00618,DRV00618,Bike,Hero,Splendor,2016,UP14OJ5074,Petrol,2019-04-08,2022-12-20
VEH00619,DRV00619,Mini,Maruti Suzuki,Alto,2017,KA18AP0535,Petrol,2018-12-12,2024-12-06
VEH00620,DRV00620,Mini,Hyundai,Santro,2016,GJ02BX4440,Petrol,2018-10-20,2019-04-04
VEH00621,DRV00621,Auto,Bajaj,RE Auto,2015,GJ03RL4692,CNG,2017-06-04,2021-05-16
VEH00622,DRV00622,Mini,Hyundai,Santro,2018,TN13RG1217,Diesel,2020-12-01,2025-11-07
VEH00623,DRV00623,Auto,Bajaj,RE Auto,2021,DL04ZQ3489,Petrol,2022-11-14,2026-01-08
VEH00624,DRV00624,Auto,Bajaj,RE Auto,2025,KA16YX7836,Diesel,2027-03-18,2026-05-09
VEH00625,DRV00625,Mini,Hyundai,Santro,2018,TS08HK8477,Petrol,2021-09-30,2020-06-25
VEH00626,DRV00626,Prime,Maruti Suzuki,Ciaz,2018,WB20ST8340,CNG,2020-09-20,2025-03-03
VEH00627,DRV00627,XL,Maruti Suzuki,Ertiga,2018,TN02DS6009,Diesel,2020-05-18,2019-08-05
VEH00628,DRV00628,Mini,Maruti Suzuki,WagonR,2019,WB20RD8358,Petrol,2021-09-30,2024-04-17
VEH00629,DRV00629,Auto,Bajaj,RE Auto,2019,TS16GJ5716,CNG,2020-12-31,2026-01-31
VEH00630,DRV00630,Mini,Maruti Suzuki,WagonR,2026,TS16HP3931,Electric,2028-08-11,
VEH00631,DRV00631,Prime,Hyundai,Verna,2017,GJ06GJ8586,CNG,2018-07-14,2021-01-20
VEH00632,DRV00632,Mini,Maruti Suzuki,Alto,2022,DL20WE4048,Diesel,2025-09-03,2025-01-02
VEH00633,DRV00633,Mini,Hyundai,Santro,2015,WB15ZY8102,Diesel,2018-09-11,2019-04-23
VEH00634,DRV00634,Bike,Hero,Splendor,2023,TS12LW1786,CNG,2024-11-15,2025-01-06
VEH00635,DRV00635,Bike,TVS,Apache,2021,UP12TL8909,Diesel,2023-02-23,2023-03-28
VEH00636,DRV00636,Bike,TVS,Apache,2022,KA17NC1737,CNG,2024-11-16,2025-07-24
VEH00637,DRV00637,Auto,Piaggio,Ape,2016,DL08BA8599,CNG,2019-07-27,2025-07-17
VEH00638,DRV00638,Bike,Bajaj,Pulsar,2017,MH03PW3391,CNG,2018-01-10,2024-02-29
VEH00639,DRV00639,Bike,Bajaj,Pulsar,2019,TN05HG4528,Diesel,2020-03-16,2026-06-23
VEH00640,DRV00640,Auto,Piaggio,Ape,2023,TN10WK2433,CNG,2025-02-05,2024-10-18
VEH00641,DRV00641,Mini,Hyundai,Santro,2020,DL03YM0502,Petrol,2022-07-22,2023-03-08
VEH00642,DRV00642,Bike,TVS,Apache,2015,GJ03ZQ0275,CNG,2016-09-21,2016-03-26
VEH00643,DRV00643,Mini,Hyundai,Santro,2024,GJ05AR2519,CNG,2025-08-17,2026-04-18
VEH00644,DRV00644,Bike,TVS,Apache,2017,UP02QQ0946,Diesel,2019-04-19,2024-12-10
VEH00645,DRV00645,Mini,Hyundai,Santro,2018,GJ03PC6267,Petrol,2020-02-02,2020-05-18
VEH00646,DRV00646,Auto,Piaggio,Ape,2024,MH01MR3944,Petrol,2027-11-03,2025-06-10
VEH00647,DRV00647,Mini,Hyundai,Santro,2020,KA05SP1142,Petrol,2021-04-15,2021-06-28
VEH00648,DRV00648,XL,Toyota,Innova,2015,GJ01TU6416,Diesel,2016-07-18,2017-01-28
VEH00649,DRV00649,Auto,Piaggio,Ape,2015,MH20FL7006,Petrol,2016-07-04,2021-09-13
VEH00650,DRV00650,Mini,Maruti Suzuki,WagonR,2019,WB18DH6184,CNG,2021-08-20,2023-08-23
VEH00651,DRV00651,Prime,Maruti Suzuki,Ciaz,2018,GJ02JV0595,Petrol,2019-04-01,2022-05-30
VEH00652,DRV00652,Auto,Piaggio,Ape,2024,UP07LN6299,Electric,2026-10-28,2026-03-21
VEH00653,DRV00653,Auto,Piaggio,Ape,2016,TS09OP8079,CNG,2017-02-09,2020-02-23
VEH00654,DRV00654,Bike,Bajaj,Pulsar,2024,TS08EI7370,Diesel,2025-05-22,2025-01-25
VEH00655,DRV00655,Mini,Maruti Suzuki,WagonR,2017,DL11DO0236,Petrol,2019-10-17,2020-01-14
VEH00656,DRV00656,Prime,Honda,City,2015,GJ06WX6962,Petrol,2016-07-10,2019-05-17
VEH00657,DRV00657,Auto,Bajaj,RE Auto,2015,TS14RK0512,CNG,2016-06-01,2022-06-24
VEH00658,DRV00658,Prime,Honda,City,2019,TS08PY9003,Petrol,2022-02-04,2022-11-26
VEH00659,DRV00659,Mini,Maruti Suzuki,Alto,2016,TS17VM2102,CNG,2019-01-12,2017-07-06
VEH00660,DRV00660,Mini,Maruti Suzuki,WagonR,2025,TS02SL0913,Electric,2026-01-20,2025-05-09
VEH00661,DRV00661,Prime,Maruti Suzuki,Ciaz,2025,DL10ME3716,CNG,2028-06-24,2026-06-26
VEH00662,DRV00662,Mini,Maruti Suzuki,WagonR,2023,DL13IY8212,Electric,2024-10-27,2024-07-23
VEH00663,DRV00663,Prime,Maruti Suzuki,Ciaz,2020,RJ01KV6626,CNG,2022-12-14,2021-12-09
VEH00664,DRV00664,Bike,Bajaj,Pulsar,2019,RJ14ET8160,CNG,2020-10-19,2025-09-05
VEH00665,DRV00665,Auto,Piaggio,Ape,2026,UP09ZV0903,CNG,2029-12-24,
VEH00666,DRV00666,Bike,Bajaj,Pulsar,2023,GJ19SI0696,Electric,2025-04-04,2025-07-01
VEH00667,DRV00667,Mini,Maruti Suzuki,Alto,2026,RJ11ZT4226,Electric,2028-06-26,
VEH00668,DRV00668,Prime,Honda,City,2024,TN07ST5104,Petrol,2025-03-01,2025-03-31
VEH00669,DRV00669,Prime,Maruti Suzuki,Ciaz,2020,MH04OZ4312,Diesel,2023-12-14,2023-05-01
VEH00670,DRV00670,Mini,Maruti Suzuki,Alto,2025,UP07HV5418,Petrol,2026-03-14,2025-11-08
VEH00671,DRV00671,Mini,Hyundai,Santro,2024,TS11RK6599,Electric,2027-12-13,2026-07-20
VEH00672,DRV00672,Bike,Bajaj,Pulsar,2015,MH05PR9437,Diesel,2016-06-03,2025-08-23
VEH00673,DRV00673,Bike,TVS,Apache,2018,MH05FK9246,Petrol,2020-07-05,2019-04-22
VEH00674,DRV00674,Bike,Bajaj,Pulsar,2024,KA17OL1206,Electric,2026-04-14,2026-02-28
VEH00675,DRV00675,Bike,Hero,Splendor,2022,GJ11YM4359,CNG,2025-02-13,2024-01-11
VEH00676,DRV00676,Mini,Maruti Suzuki,WagonR,2019,GJ08LX4704,Diesel,2022-06-23,2025-08-15
VEH00677,DRV00677,Bike,Bajaj,Pulsar,2017,UP02QM8938,Diesel,2019-07-18,2020-02-16
VEH00678,DRV00678,Mini,Maruti Suzuki,WagonR,2016,UP10UA6895,Petrol,2019-10-20,2024-11-07
VEH00679,DRV00679,Auto,Piaggio,Ape,2016,GJ11PR1005,CNG,2017-02-10,2018-12-12
VEH00680,DRV00680,Mini,Hyundai,Santro,2020,DL03BT7801,Diesel,2021-04-17,2022-05-22
VEH00681,DRV00681,Auto,Piaggio,Ape,2025,KA12ER3727,CNG,2027-03-26,2025-10-23
VEH00682,DRV00682,Mini,Hyundai,Santro,2025,GJ02ZP6458,Petrol,2027-09-13,2026-05-03
VEH00683,DRV00683,XL,Mahindra,Marazzo,2026,WB20JY5789,Petrol,2028-06-12,
VEH00684,DRV00684,Auto,Piaggio,Ape,2018,GJ03KR3299,CNG,2021-08-03,2024-05-30
VEH00685,DRV00685,XL,Mahindra,Marazzo,2025,RJ07IU0662,Petrol,2026-09-02,2026-06-23
VEH00686,DRV00686,Mini,Maruti Suzuki,WagonR,2016,DL12XG3950,Diesel,2017-12-16,2019-08-27
VEH00687,DRV00687,Mini,Maruti Suzuki,WagonR,2016,TS05RQ0274,Petrol,2017-09-07,2019-09-05
VEH00688,DRV00688,Bike,Hero,Splendor,2022,WB11DP8751,CNG,2025-02-23,2024-04-01
VEH00689,DRV00689,Prime,Maruti Suzuki,Ciaz,2024,DL14BL0731,CNG,2027-10-15,2025-02-20
VEH00690,DRV00690,Bike,Bajaj,Pulsar,2025,TN16WI2128,Electric,2026-08-14,2026-05-26
VEH00691,DRV00691,Mini,Maruti Suzuki,WagonR,2022,RJ03XQ1951,Electric,2023-02-01,2024-02-16
VEH00692,DRV00692,Mini,Maruti Suzuki,WagonR,2018,KA02PD5689,Diesel,2020-12-03,2023-09-02
VEH00693,DRV00693,Mini,Hyundai,Santro,2026,MH18XS8547,Diesel,2029-09-15,
VEH00694,DRV00694,Prime,Maruti Suzuki,Ciaz,2026,GJ06CE6730,CNG,2029-01-22,
VEH00695,DRV00695,Prime,Honda,City,2017,GJ06KG4798,CNG,2020-12-04,2022-05-16
VEH00696,DRV00696,Mini,Maruti Suzuki,WagonR,2022,TS16XM4082,Electric,2023-11-01,2025-06-22
VEH00697,DRV00697,Mini,Hyundai,Santro,2021,UP14DM5141,CNG,2022-04-28,2023-05-13
VEH00698,DRV00698,Mini,Hyundai,Santro,2015,DL01RE8646,CNG,2018-05-23,2026-04-16
VEH00699,DRV00699,Bike,Bajaj,Pulsar,2024,MH18HC6751,CNG,2026-08-16,2024-12-20
VEH00700,DRV00700,Mini,Maruti Suzuki,WagonR,2018,KA01CJ6812,Petrol,2020-05-31,2022-11-24
VEH00701,DRV00701,Bike,TVS,Apache,2016,TS19OW9619,CNG,2018-06-14,2024-02-04
VEH00702,DRV00702,Mini,Maruti Suzuki,WagonR,2022,UP09XY2744,CNG,2025-09-14,2024-09-22
VEH00703,DRV00703,Auto,Piaggio,Ape,2015,TS15EJ3002,Diesel,2017-02-28,2017-08-25
VEH00704,DRV00704,XL,Maruti Suzuki,Ertiga,2024,UP12VU2221,Electric,2026-03-24,2025-11-17
VEH00705,DRV00705,Mini,Hyundai,Santro,2023,KA19VC1923,Electric,2026-04-13,2024-09-07
VEH00706,DRV00706,Prime,Honda,City,2019,UP09DV2904,Diesel,2020-08-09,2021-09-15
VEH00707,DRV00707,Mini,Maruti Suzuki,WagonR,2022,MH16JC2611,Diesel,2024-06-30,2025-06-07
VEH00708,DRV00708,Auto,Piaggio,Ape,2023,GJ06CM5763,Petrol,2026-12-21,2025-08-31
VEH00709,DRV00709,Prime,Hyundai,Verna,2021,TN19TA2774,Diesel,2022-01-02,2024-01-12
VEH00710,DRV00710,Mini,Hyundai,Santro,2017,WB20DN3162,Diesel,2018-06-17,2018-12-22
VEH00711,DRV00711,Mini,Maruti Suzuki,Alto,2018,RJ19YC2506,CNG,2019-01-09,2024-03-28
VEH00712,DRV00712,Mini,Hyundai,Santro,2015,UP11GI8328,Petrol,2016-09-18,2023-03-25
VEH00713,DRV00713,Prime,Hyundai,Verna,2022,WB18HU4328,Petrol,2025-11-08,2024-05-14
VEH00714,DRV00714,Auto,Piaggio,Ape,2023,DL20VR2943,CNG,2026-07-19,2025-09-08
VEH00715,DRV00715,Auto,Bajaj,RE Auto,2016,GJ18HG6371,Petrol,2019-04-26,2020-02-01
VEH00716,DRV00716,Mini,Maruti Suzuki,Alto,2020,KA16AF1323,CNG,2023-06-18,2023-07-15
VEH00717,DRV00717,Auto,Piaggio,Ape,2019,UP15EL7535,CNG,2022-07-02,2020-10-31
VEH00718,DRV00718,Bike,TVS,Apache,2026,MH06IF3993,Petrol,2028-09-09,
VEH00719,DRV00719,Bike,Bajaj,Pulsar,2024,GJ02XM8989,CNG,2025-11-18,2026-03-23
VEH00720,DRV00720,Auto,Bajaj,RE Auto,2018,DL03AY6635,Petrol,2019-11-17,2020-08-01
VEH00721,DRV00721,Mini,Maruti Suzuki,Alto,2020,MH20DW5145,Petrol,2023-09-09,2022-12-05
VEH00722,DRV00722,Mini,Hyundai,Santro,2021,WB16YR8424,CNG,2023-05-21,2022-04-06
VEH00723,DRV00723,Mini,Maruti Suzuki,WagonR,2022,MH08KG0465,Petrol,2025-10-09,2025-10-10
VEH00724,DRV00724,XL,Mahindra,Marazzo,2018,TN18OH2496,Petrol,2020-06-05,2023-12-06
VEH00725,DRV00725,Bike,TVS,Apache,2022,DL08QX2818,Petrol,2023-11-10,2026-04-22
VEH00726,DRV00726,Bike,TVS,Apache,2018,UP01WS7311,Petrol,2020-04-15,2022-09-06
VEH00727,DRV00727,Bike,Bajaj,Pulsar,2019,WB13ZR7346,Petrol,2020-04-09,2024-11-02
VEH00728,DRV00728,Prime,Honda,City,2017,MH19OK4703,Petrol,2020-10-04,2019-05-27
VEH00729,DRV00729,Mini,Maruti Suzuki,WagonR,2025,MH13HA5730,Electric,2027-05-27,2026-03-24
VEH00730,DRV00730,Bike,TVS,Apache,2024,WB02AP1198,Petrol,2025-10-05,2026-03-20
VEH00731,DRV00731,Bike,TVS,Apache,2024,MH15UU7797,CNG,2026-01-21,2025-05-09
VEH00732,DRV00732,Mini,Maruti Suzuki,Alto,2022,RJ03WQ0867,Petrol,2025-09-12,2024-01-25
VEH00733,DRV00733,Prime,Hyundai,Verna,2019,RJ05HI2599,CNG,2022-12-22,2021-06-26
VEH00734,DRV00734,Auto,Piaggio,Ape,2015,TS08PG5128,CNG,2017-09-01,2021-07-09
VEH00735,DRV00735,XL,Mahindra,Marazzo,2021,MH14NK8126,Petrol,2022-12-25,2025-12-01
VEH00736,DRV00736,Mini,Maruti Suzuki,Alto,2018,GJ14SF4594,Diesel,2019-05-17,2024-08-08
VEH00737,DRV00737,XL,Maruti Suzuki,Ertiga,2020,WB01XU7072,Petrol,2021-11-19,2023-10-18
VEH00738,DRV00738,Mini,Hyundai,Santro,2017,KA10AZ1288,Petrol,2020-05-31,2018-11-10
VEH00739,DRV00739,Bike,Bajaj,Pulsar,2026,MH12FJ8997,Electric,2027-10-12,
VEH00740,DRV00740,Bike,TVS,Apache,2026,TN18CI0241,CNG,2028-11-20,
VEH00741,DRV00741,Mini,Hyundai,Santro,2025,TN01RO7299,Petrol,2027-11-11,2026-04-28
VEH00742,DRV00742,Prime,Maruti Suzuki,Ciaz,2025,DL03ZA9515,Petrol,2028-02-29,2026-04-03
VEH00743,DRV00743,Prime,Honda,City,2023,RJ09FN0786,Petrol,2025-10-24,2025-09-25
VEH00744,DRV00744,Mini,Hyundai,Santro,2022,GJ17WQ1549,Electric,2023-09-10,2024-08-15
VEH00745,DRV00745,Prime,Maruti Suzuki,Ciaz,2025,KA17PN2658,CNG,2028-06-30,2026-05-09
VEH00746,DRV00746,Auto,Piaggio,Ape,2022,TS09DR6704,Electric,2025-07-17,2024-09-03
VEH00747,DRV00747,Auto,Bajaj,RE Auto,2024,GJ16MM7182,CNG,2026-08-01,2026-01-28
VEH00748,DRV00748,Prime,Honda,City,2019,DL13FA9889,Petrol,2021-02-18,2022-12-08
VEH00749,DRV00749,Prime,Maruti Suzuki,Ciaz,2023,TN02QC3627,CNG,2026-05-15,2023-11-07
VEH00750,DRV00750,Bike,Hero,Splendor,2026,GJ17PH2793,Petrol,2028-09-03,
VEH00751,DRV00751,Mini,Maruti Suzuki,Alto,2025,MH09FA5263,Petrol,2026-09-19,2026-05-12
VEH00752,DRV00752,Bike,Hero,Splendor,2022,WB14PS7251,CNG,2025-02-12,2025-05-16
VEH00753,DRV00753,Mini,Hyundai,Santro,2024,RJ17BD8567,CNG,2026-11-03,2025-02-22
VEH00754,DRV00754,Auto,Bajaj,RE Auto,2026,MH11KS5785,Petrol,2027-03-26,
VEH00755,DRV00755,Auto,Bajaj,RE Auto,2024,RJ01YK2208,Petrol,2025-09-07,2025-11-03
VEH00756,DRV00756,Mini,Maruti Suzuki,WagonR,2021,DL04BQ5081,CNG,2024-01-20,2022-10-12
VEH00757,DRV00757,Bike,Hero,Splendor,2017,MH08UO3501,Diesel,2018-11-24,2022-05-13
VEH00758,DRV00758,Prime,Hyundai,Verna,2021,GJ17DL5142,CNG,2023-04-12,2026-03-04
VEH00759,DRV00759,XL,Maruti Suzuki,Ertiga,2017,DL15LG9652,Petrol,2018-10-04,2019-04-15
VEH00760,DRV00760,Auto,Bajaj,RE Auto,2019,KA11LU5073,CNG,2021-11-05,2025-10-12
VEH00761,DRV00761,Mini,Maruti Suzuki,WagonR,2018,RJ19UE1336,Petrol,2020-12-24,2025-06-07
VEH00762,DRV00762,Mini,Maruti Suzuki,Alto,2025,TN14FW1407,CNG,2026-07-09,2025-10-26
VEH00763,DRV00763,Mini,Maruti Suzuki,Alto,2015,RJ02ZE1714,CNG,2017-11-01,2017-02-23
VEH00764,DRV00764,Mini,Maruti Suzuki,WagonR,2020,KA20GK4958,Petrol,2023-06-12,2020-11-15
VEH00765,DRV00765,Mini,Hyundai,Santro,2023,MH09DT5331,CNG,2025-08-24,2024-11-07
VEH00766,DRV00766,Prime,Hyundai,Verna,2021,TN07NF7195,CNG,2024-07-08,2024-04-19
VEH00767,DRV00767,Auto,Piaggio,Ape,2021,RJ06SS6800,CNG,2024-08-02,2025-11-16
VEH00768,DRV00768,XL,Maruti Suzuki,Ertiga,2022,DL05MA4661,Diesel,2025-07-13,2025-08-15
VEH00769,DRV00769,Mini,Hyundai,Santro,2015,UP11UM1636,CNG,2018-01-31,2024-07-11
VEH00770,DRV00770,Prime,Honda,City,2022,DL11EX5737,Petrol,2024-10-11,2026-04-01
VEH00771,DRV00771,Mini,Hyundai,Santro,2025,KA14IS0464,Petrol,2028-01-23,2025-06-21
VEH00772,DRV00772,Mini,Maruti Suzuki,Alto,2017,KA01XB6984,Petrol,2020-09-12,2024-12-14
VEH00773,DRV00773,XL,Mahindra,Marazzo,2016,WB15FY7059,Petrol,2018-04-19,2017-03-27
VEH00774,DRV00774,Bike,Bajaj,Pulsar,2019,DL06DA6149,Petrol,2020-06-12,2024-03-27
VEH00775,DRV00775,Prime,Hyundai,Verna,2015,TS04PB4421,CNG,2018-07-05,2024-03-23
VEH00776,DRV00776,Auto,Bajaj,RE Auto,2025,MH09XA7900,CNG,2028-03-15,2026-07-04
VEH00777,DRV00777,Auto,Bajaj,RE Auto,2019,DL09BA7882,CNG,2020-01-06,2021-08-18
VEH00778,DRV00778,XL,Mahindra,Marazzo,2020,WB01GW1687,CNG,2023-04-18,2022-01-13
VEH00779,DRV00779,Prime,Maruti Suzuki,Ciaz,2019,MH06YS6486,CNG,2021-07-19,2023-11-12
VEH00780,DRV00780,Bike,TVS,Apache,2025,WB17LH2478,CNG,2027-12-24,2026-05-30
VEH00781,DRV00781,XL,Mahindra,Marazzo,2023,MH16MJ8098,CNG,2025-10-12,2026-05-19
VEH00782,DRV00782,XL,Maruti Suzuki,Ertiga,2023,WB18YA0972,Electric,2024-06-26,2024-10-18
VEH00783,DRV00783,Mini,Maruti Suzuki,Alto,2016,MH03JW9294,CNG,2018-06-11,2020-05-18
VEH00784,DRV00784,Auto,Bajaj,RE Auto,2021,RJ11AV7146,Petrol,2022-02-05,2021-07-29
VEH00785,DRV00785,XL,Mahindra,Marazzo,2020,UP12AT3641,Petrol,2021-06-16,2022-09-09
VEH00786,DRV00786,Prime,Honda,City,2018,KA18EC7098,Diesel,2021-01-16,2018-05-11
VEH00787,DRV00787,Auto,Bajaj,RE Auto,2022,DL06KG7735,Electric,2025-01-04,2022-07-10
VEH00788,DRV00788,Auto,Piaggio,Ape,2017,KA08ZC9671,Petrol,2020-10-11,2020-06-03
VEH00789,DRV00789,Prime,Maruti Suzuki,Ciaz,2018,DL03HL2488,Petrol,2019-02-05,2019-07-08
VEH00790,DRV00790,Bike,Bajaj,Pulsar,2026,UP12EH5668,Petrol,2027-05-16,
VEH00791,DRV00791,Prime,Honda,City,2024,DL16BV6294,CNG,2026-10-13,2026-06-17
VEH00792,DRV00792,Mini,Hyundai,Santro,2022,TS20DP8333,Electric,2025-07-20,2025-11-15
VEH00793,DRV00793,Mini,Maruti Suzuki,WagonR,2018,GJ03TP7954,Petrol,2019-07-18,2022-04-14
VEH00794,DRV00794,Bike,Bajaj,Pulsar,2025,TS03UC0213,Electric,2027-05-19,2026-02-28
VEH00795,DRV00795,Auto,Piaggio,Ape,2025,WB07YF3131,Diesel,2027-04-22,2025-10-14
VEH00796,DRV00796,Bike,TVS,Apache,2022,RJ04RT4817,Petrol,2023-07-19,2024-10-25
VEH00797,DRV00797,Bike,TVS,Apache,2022,DL20XG9725,Diesel,2023-05-14,2025-03-24
VEH00798,DRV00798,Mini,Maruti Suzuki,WagonR,2015,KA10VO4895,Petrol,2017-12-20,2022-11-09
VEH00799,DRV00799,Auto,Piaggio,Ape,2021,KA05LO2243,Diesel,2023-12-21,2023-10-15
VEH00800,DRV00800,Auto,Bajaj,RE Auto,2016,RJ14KR1065,Petrol,2017-09-07,2020-10-28
